7.106998740157317584e-01,8.257182685485755513e-01,-2.133396216965370851e-01,-2.144563144280886291e-01,6.329681293527670283e-01,-4.333702011325508696e-01,-3.394430758110271729e-01,9.526455155315544099e-01,7.456948130621439130e-01,-3.194509983423254873e-01,-2.219909798230327302e-01,-2.171756378092586648e-01,2.102965041362727661e+00,1.093393044486893340e+00,1.502026948939438444e+00,1.930931995874279883e-01,3.686842879481210811e-01,7.453660140753994856e-01,-4.679169342011956778e-01,5.879145223910516860e-01,-6.269403338745062060e-01,6.811242487732949158e-01,1.453552597900150678e+00,2.856596498870155321e-01,-7.003436009433304521e-02,-4.308774479298427273e-01,-1.278096852652984561e-01,-1.399294552730362184e+00,1.142334477450764885e-01,-3.499386172989586430e-01,4.637312158792912253e-01,-8.681784139510789755e-02,1.422957948405509810e-03,1.344111355551142584e+00,5.602318284954740379e-01,1.141813661903645416e+00
1.692945254999007609e-01,-5.915247239409880155e-03,1.196182632968862958e+00,2.064560801543894042e-01,4.893680029686732769e-01,1.119071669248976386e+00,-6.470426615806244008e-01,-5.193941051024767441e-01,8.718561125614653351e-01,-3.990313676205312632e-01,1.484161515166511000e-02,5.346579847121742946e-01,4.453531956465853758e-01,8.774430909905547304e-01,7.478220685167346060e-01,5.346963348528683824e-01,-3.863543571235957264e-01,3.974313338966090625e-01,1.157135997253433413e+00,-6.631327299702279854e-01,7.086495232384262266e-01,4.036182672892832390e-01,2.274504031554857794e-02,-1.165460304922067564e-01,4.008494276496065156e-01,1.099762036779316388e+00,2.342195597228221293e-01,-4.155774921216395801e-01,5.811020245497646730e-01,-5.486015232415171194e-01,-1.061550175021220843e+00,1.519863545446350273e+00,7.983169809489462088e-01,-6.301479265650757056e-02,-4.187583614125266473e-01,-8.029813803587013687e-01
1.830476244073969916e+00,4.036540931053643200e-01,8.426209266412700849e-01,4.570487994365667328e-01,6.337690066397714261e-01,3.937384344524151869e-01,1.043556679794092723e+00,1.082220615114912521e+00,5.751027712733161046e-01,-6.336760245051137330e-01,1.090517564798501926e+00,5.889309694042891286e-01,8.324946190334920892e-01,5.155572294608711248e-01,4.577160439971167394e-01,-6.817357723092921651e-01,1.189700306039068067e+00,-1.895882172862760895e-01,3.210273446359157012e-01,-9.889439657602244749e-01,3.561323177352591074e-01,2.299151963634657569e+00,9.876870092842596760e-01,1.017071064454920792e+00,8.977474231933957327e-02,-9.309878553958935710e-01,2.130733198451549570e-01,-8.027048720079823507e-01,7.861602009380977973e-01,6.214347748018684836e-01,-3.676084780500382121e-01,2.506244947837000248e-01,5.063695269781852693e-01,1.139370428047999928e+00,3.145257649526961297e-01,8.337623623242930160e-01
6.037368154856934122e-02,3.741078085936151987e-01,8.043454840110266790e-01,8.648838039954209744e-01,1.406170664988410257e+00,1.249870072432586410e+00,2.371736489359001498e-01,-2.819619657632362331e-01,-4.986607343879503329e-01,-5.500215563103485472e-01,6.217813953004382999e-01,1.608432879331133103e-01,3.804746965641647716e-01,1.617344239284475849e-01,-2.744775480978704496e-01,9.029850549662374881e-01,1.759432811815770048e+00,-1.770000563750866729e-01,-4.117157029928329437e-01,6.510747707898478787e-02,6.336493225271764285e-01,1.663824886270585390e-01,2.782743524550221337e-01,-1.060400611378128632e-01,2.281354476011153432e-01,7.722722257280691949e-01,-1.198343907388553786e-01,7.165386625393627140e-02,1.269082382748136784e-01,1.418626778855186510e-01,-7.059444380356136861e-01,-9.384343279369472546e-01,-5.098275354609196341e-01,8.397114770083408120e-02,2.769280830016055961e-01,-2.653372798868120497e-01
6.701339637333256216e-02,3.522370370218017577e-01,3.328267189561656125e-01,5.507885296952048648e-01,1.761831888239263844e+00,4.524867712865412450e-01,3.961350704530619549e-02,-1.371982867611762913e-01,-5.244958386592436517e-01,-3.756029398691575899e-02,6.295931133538008595e-01,3.645362163802611660e-02,2.015429806096835086e-01,7.359646844866357673e-01,1.536921093137072480e-01,-3.056126701524124467e-01,8.041900946401991934e-01,6.998905305728181370e-02,4.673041473107558685e-02,7.297946341142104165e-01,6.976764648784773426e-01,8.205320368788693308e-01,7.256789359069009127e-01,-2.785273020339291694e-01,-2.744602066611100399e-01,-4.890288530421418312e-01,-1.774122290474093588e-01,1.957921211750555390e-01,1.088596164599493932e+00,-1.498400352377112985e-02,9.979105554425685143e-02,-6.305888661549585716e-02,9.850946627173803871e-02,-6.155275039596561637e-01,8.653532551246229110e-01,9.445746394734965135e-01
1.100351049608564002e+00,3.441484651110441884e-01,-3.153625456936085935e-03,-1.033311515987832552e-01,-4.326114319106758727e-02,-4.576535349719893508e-01,-4.760126962900473879e-02,1.393417583635271906e-01,2.897708077866148479e-01,2.898448895721668084e-01,-1.374387732829673303e-01,-7.080411262609651590e-01,-3.345513131167227594e-01,8.060965214061940332e-01,4.480291567049738966e-01,1.848097931520870374e-01,-3.806471223800619308e-01,1.822577486888985430e-03,-6.278343428312409547e-01,-2.759684378480368183e-01,-1.226016708425975293e-01,8.191800340673934810e-01,1.478300965528005939e+00,2.906370429822737744e-01,-4.327161357575770584e-01,-6.873439855111096453e-01,-6.186766063439269603e-01,6.202794822332444169e-02,1.997797334718641737e-01,3.769343894188183497e-01,-1.234078884705377688e-01,3.439416626298874569e-02,1.612883689986018831e-01,7.829167398742045147e-01,1.516239857876688912e+00,9.028286366361825133e-01
1.454371937124616931e-01,1.398313350789807119e-01,1.249849697277655436e-01,5.128460751895402847e-01,1.217937885273719933e+00,8.405215054502020999e-01,3.152440152449589861e-01,-1.076246722206152029e+00,-7.325581110274754781e-01,1.817227810675143274e-01,1.931463792552614356e+00,4.175293734056182982e-01,-3.412254670999902428e-01,-8.460262076889779603e-01,3.713431105808091548e-01,-4.029161102147540280e-02,1.295352108947192660e+00,5.764936110539552183e-02,1.482146256024761792e-02,1.479312722946588110e+00,-3.064980522789490219e-03,9.203773953733676016e-01,9.392756622979889780e-01,7.082316416461715836e-01,4.950664473576563140e-01,-1.768771668906745920e-01,3.179713528222946617e-01,1.423015149067781981e-01,1.609492931066213162e+00,2.100897984941806629e-01,-6.066923904738236173e-01,-6.632438925269703578e-01,7.041845730384507229e-01,6.956445983677790323e-01,3.396987101051739399e-01,6.651907000651208213e-01
5.667523981201951777e-01,-3.334037543982596996e-01,3.744050632634023934e-01,4.078363307441681407e-01,2.409460123681707033e-01,7.694062934316390212e-01,-1.774544158700425145e-01,6.587309228983471154e-01,-8.268489194838205547e-01,6.266679734279977376e-01,3.354605854139197652e-01,1.390168560114354857e-01,4.626167034405623824e-01,3.341584333707638410e-01,1.477916177583582291e+00,-4.388067933138276033e-01,3.814213515143705102e-02,3.478936595698038370e-01,9.379002733568175820e-01,2.078472699462169948e-01,8.027221073985901789e-02,1.409880304805094520e+00,1.382527422998508948e+00,5.855055831194948546e-01,-3.295756553483238371e-01,3.055617750279554512e-01,-7.200667374014634026e-02,6.583027979317761513e-01,6.478289264356208443e-01,3.753049584342406098e-01,1.713189906846138977e-01,-6.321878185481717705e-02,5.879553859173035635e-01,1.340035766433714803e+00,4.975164233089479637e-01,1.320109340209923543e+00
-1.243279251924866574e-01,-3.348235738217623103e-01,-6.801942837675502805e-03,1.343100343026454979e+00,5.911658502106261759e-01,3.268212196313800000e-01,-1.878749554909631692e-01,-6.898624893293749949e-01,2.616092206413158094e-01,-2.133448849969005467e-01,1.222990777245966942e-01,-1.743037573692549635e-01,-9.630749289704523819e-02,2.245678066798584560e-01,-7.268177157710517533e-02,9.343632284199042681e-01,7.406480742305002751e-01,-3.119927429115327416e-02,9.485446928686647183e-01,-1.413141922035117681e-01,7.121279250647000181e-02,2.706156485988363558e-01,6.700493517682173383e-01,-7.846280636972317035e-01,7.448285630969395665e-01,7.761142873238784379e-01,4.689251486808529990e-01,-1.783315305366719450e-01,-9.475877965396594105e-01,4.386523193328820125e-02,-1.684461577046957037e-02,1.089875782885657562e+00,4.799185595102589685e-01,8.595173405422517066e-01,-1.619298918926731223e-01,-9.414842924683343439e-02
5.575380980659239150e-02,-5.641652740908968955e-01,7.992927857714926532e-01,3.367456390491623819e-01,-2.068784406900312234e-01,3.379816965014887375e-01,-4.934019446451609614e-01,1.029645566947353430e+00,8.720205435054168008e-01,-4.838721978497389498e-01,2.097838379476972548e-01,1.034637596416300431e-01,-1.257674929939349706e-01,-2.944852732353394065e-01,1.565575952652994651e+00,6.753883624234935379e-02,-6.061344814480318366e-01,3.453886364578214185e-01,7.604385273428236891e-01,1.800253640404183841e-01,1.884600572188153134e-01,-5.593478005727864355e-01,3.949140173671493170e-01,-5.037544006175880273e-01,3.471070668291800221e-01,5.585855061389815024e-01,-1.730450169315972120e-01,5.470157822063119457e-02,-3.862918661862200231e-01,3.724096561975578923e-01,1.257320920217971094e-01,6.526008924472486150e-01,1.444496458797427829e+00,5.805341788232417644e-01,-4.934234840475672929e-02,-1.074915224819454340e-01
-8.421321581523637245e-02,1.220134690702473074e-01,7.670451446519322980e-01,-2.649570493168382779e-01,-2.454861412829234257e-01,-6.545826571512908254e-01,-4.330233370792783802e-03,4.884064912348051180e-01,-8.755351745961847953e-01,-3.329284835096937845e-01,1.797025125195926554e-02,4.250514417622185959e-01,1.914351195134326167e-01,1.627318140910652966e-01,-1.121563929854504510e-01,2.409371285093576120e-01,5.071519417667305074e-01,-8.544958882746016560e-01,1.364267700417566953e+00,-4.937990293335661057e-02,-2.649944321072571496e-01,-1.221537892939657421e+00,-6.901756618271496224e-01,8.490294961236253268e-01,6.557257337682227405e-01,4.576156143734589898e-01,-2.282129780717962186e-01,-3.725736109292966391e-01,6.217931630945770088e-02,7.584868391233057228e-01,-2.933079754261068706e-01,1.077145025275935586e+00,4.263814293798823263e-01,7.600832211032659824e-01,9.452172120705500113e-02,-5.409095616453098998e-01
1.892584406758237359e+00,1.550612603132630885e-01,1.585227148680726561e+00,7.245533974414288814e-01,8.006880376330497429e-01,1.055226554645282588e+00,5.567008390179399857e-01,1.071495014083580610e+00,-6.284169062668407690e-01,1.309945983916705192e-01,1.814767097255383543e+00,3.290314123141566127e-02,1.064692761888241357e+00,-6.312718713919098779e-01,2.985054561385802607e-01,-3.188460694066209133e-01,8.367411766906381887e-01,5.203036750513998637e-02,8.297848723708833862e-02,8.009538255084641678e-01,2.934371922495494084e-02,1.532211344205453685e+00,9.803353326775423593e-01,1.724451805812880600e+00,-9.351987393736004295e-01,-2.993658833392146557e-01,4.915166981296203996e-01,-8.579800262835778069e-02,1.465764806693982791e+00,1.925330513886355233e-01,4.729384918565170959e-01,3.065338640144216753e-01,3.368244669068751196e-01,1.746227693575775008e+00,1.493237009350469879e+00,1.496903353568204809e+00
-1.219230282022511824e+00,-6.535890941521428354e-01,-4.816268429393950057e-01,8.761893106531914999e-01,-3.157190184041669401e-01,1.629360651294666340e+00,3.000876181647968988e-01,9.922911992292832162e-01,5.311072344613909646e-01,5.151896655760139776e-01,2.125338015515433554e+00,-2.854790434287149403e-01,-7.517291996246971975e-01,-1.161786982463699214e-01,-4.124960269235802279e-01,-1.284226805122235804e-01,4.748905048709548549e-01,2.839400337269984975e-01,1.256491424799362155e+00,-1.346129528413620748e-02,1.557907516914400214e-01,-7.102536356459146494e-02,3.760168341336406206e-01,3.482037474267797583e-02,8.672771875521133600e-01,1.464792234971355356e+00,6.304106346133807603e-01,6.687269128206062563e-01,-4.951373446597409633e-01,-2.672236040208487151e-01,-8.507480473738460169e-01,8.807174908981969530e-01,1.208061907238812793e+00,-6.640058725598743661e-02,9.654254335241509999e-01,-2.029216875556784372e-01
7.496691424908021040e-02,2.748212979001927181e-01,1.518939653930948541e-01,1.121882880265436810e+00,-6.114944152129586641e-02,6.369429862413269472e-01,-2.951624589764321738e-01,-1.739821689674632132e-01,-2.241958192304706055e-01,2.064093808438455246e-01,1.300441254346009767e+00,-5.658204633755762325e-01,3.434022033973389565e-01,2.928840693335355017e-01,2.328850330191082618e-01,-7.089472440148346655e-01,1.220291150144499737e+00,4.129770976813505745e-02,1.480440037606921999e+00,8.921783976506516556e-01,7.940339427971309094e-01,5.632208611996402520e-02,-9.373458628852867876e-04,3.159741420046663918e-01,4.424800232902798003e-01,2.746584291975997516e-01,-2.362652960124992929e-01,6.102844568572637352e-01,-1.655641491412359056e-01,7.512904529047175206e-01,-1.394056441542501190e+00,2.063967866061847678e-01,9.381556335721503714e-01,4.440972706704378048e-01,-3.481154936004629552e-02,-4.782637224664977593e-02
5.447663286072265132e-01,-3.526170898117488711e-02,5.340801936645407366e-01,1.716289904887830786e-01,-5.333724527912114127e-02,1.131308235343512630e-01,-7.364888045557880236e-01,3.014663585517502863e-03,8.580201610560656000e-01,6.540967819943576123e-01,-4.925117913490360544e-01,2.528429256689616045e-01,1.239899423737692852e-01,4.085941400587040362e-01,4.707644276110597992e-02,-1.167519965650500036e-01,6.653153881803242076e-01,1.081982841360050046e-01,6.277321609731569829e-01,4.871931016722469976e-01,-1.622436207594538937e-01,9.164998628214201526e-01,1.964916216999511134e+00,1.095741162719956030e+00,-3.793142116800121699e-01,-6.000216389925117078e-01,4.870662176288783618e-01,8.014686054813655036e-02,6.039540247355081881e-01,3.372924156183124689e-01,7.987434752796057635e-02,-8.302375353814784864e-01,2.943427773554060378e-01,1.666595351421616744e+00,2.279925115316235207e+00,1.017451282031002213e+00
1.084361133468239480e+00,1.376709315399614053e-01,6.846908042847119624e-01,3.028124436434052047e-01,1.456343967909927706e+00,3.632148815938780473e-01,5.703281214737315752e-01,6.059172205561702551e-01,1.326169791991494429e-01,-1.861358656791429478e-01,1.587300118978670183e+00,1.504232011032904937e-01,1.979547676253570865e+00,-5.418388396797908513e-01,1.206931540767878452e+00,2.367094045356649828e-02,1.139971785628461465e+00,7.979605858052243317e-01,1.292659015046143001e+00,-5.737627043386035464e-01,2.667554091699144703e-01,7.921903119221246348e-01,7.633225149646047925e-01,1.522928664016684364e+00,6.988300084868857009e-01,8.101348362099322076e-01,1.620362720193532086e-02,4.730929483726940554e-01,1.290794901430594610e+00,-1.172074559589356829e-01,-1.360882328436966160e-01,4.199351692332357056e-01,6.200824557036683782e-01,6.728094570897533711e-01,9.253545291262772476e-01,1.993381518584580903e+00
-7.887243969135027122e-01,-4.532947610821785878e-01,5.211676842204965299e-01,-1.052464214789481156e+00,4.796020619761998116e-02,4.004648233325633910e-01,7.627221182201389116e-01,-4.600465542448067824e-01,-3.120124251199324905e-01,9.022181617013006472e-01,-1.253007229079887257e-02,-3.681319671348358691e-01,-3.587429186536136294e-01,-4.862781617837327874e-01,-2.198361027129963896e-01,5.441102382246723046e-01,4.438830342867318701e-01,-5.871351514126722515e-01,1.107293037352117482e+00,-2.010798675362588661e-01,3.912202020522210777e-01,-7.817986361464968059e-02,1.857623408998835823e-01,-7.930260347924966702e-02,-9.354296531911132639e-02,1.023501222684322309e+00,-6.358734747650434116e-01,3.735642058384206488e-01,-3.399139461998939571e-01,-3.025063280364947427e-01,-4.451412506151289361e-03,1.288896977112190312e+00,9.151280911004356922e-01,8.210913860225100835e-01,8.244089307429040003e-01,8.577342960849952958e-01
8.828406377206162725e-01,-7.409792280514273521e-01,1.610039257119139533e+00,7.918273573501120044e-01,1.019083156001003854e+00,1.314160051427585074e+00,-8.022182002563260639e-01,1.814560602666248634e+00,4.374811645516537562e-01,1.761357910357364276e-01,1.445458375239345505e+00,2.784762696636737256e-01,1.058414057784538898e+00,-1.538871610722801486e-01,6.304288628221088597e-01,1.436071404516838512e-01,1.180601529885837442e+00,5.415994013440995625e-01,1.003300043595984070e-01,-4.266007578902804021e-01,-7.881164236983280169e-01,-6.378108100496546196e-02,-1.372918834478544306e-02,-4.904579139679984129e-02,-7.652564486778120623e-01,5.372325702677538395e-01,5.363148731168911887e-01,-4.116425823072454859e-01,4.029910558110770813e-01,4.764154309058281633e-01,1.922353832384646535e-02,-4.742493130970384385e-01,8.066907676305119512e-01,1.904607168861132682e-01,-1.255187276060213131e-01,3.864226978364542764e-01
-5.582824171177398487e-01,-2.746267943640314235e-01,-2.989275402961024675e-01,9.208364314753899604e-01,8.950131320579026717e-01,1.150397719683525111e+00,-4.101877600673684565e-01,-3.113317444404466450e-01,1.506452419912878427e-01,7.745592986685521930e-02,1.437039904580099670e+00,2.046775124628201770e-01,3.859233177803816917e-01,-5.714760197707500211e-01,-1.917081555578913910e-01,9.241899754417226553e-01,1.196039023275834667e+00,3.736964807731583127e-01,1.136367368581397308e+00,2.126679284643928358e-01,-1.154520257640867797e-01,2.785789609013155754e+00,8.019220387951508933e-01,9.808393911284242206e-01,-2.124181627276244821e-01,1.553133328797360768e+00,-2.761264748424635540e-01,-3.039705300582061856e-02,7.359797245590844472e-01,-6.934147263742281020e-02,-1.421235492103149201e-01,9.784791121096757527e-01,9.735992586730766174e-01,9.228973442570587160e-01,9.160613867268602162e-01,1.654259226163008467e+00
-3.662244405558879312e-01,6.284104159241821197e-01,5.658222545979438856e-01,-2.767021644007824910e-01,7.619260085999016718e-01,-3.416129714998947242e-01,-9.210159192025384467e-01,5.507629930765862714e-01,-5.975939021503780951e-02,4.884607822874912908e-01,-3.771010813620956914e-01,-6.308850058735212540e-01,6.159358943119850327e-01,-7.036342816978836678e-01,-7.805152557186818552e-01,-9.627934453821762606e-01,-1.397236149153789242e+00,-5.195521916321950151e-01,-8.470397920601824282e-02,-1.780274230491478774e-02,-1.118208675162323695e+00,4.528632904120051261e-01,2.166030998104828242e+00,1.172562120306035904e+00,1.026402837703863202e+00,1.896240098400713281e-01,-1.227988329743855828e-01,2.405428156830852204e-02,1.974096021064705164e-01,6.309034044030942256e-02,5.956162285325495853e-01,8.258709405803098536e-01,9.013818157978574774e-01,-2.104820774771165581e-02,3.003830656952065636e-01,1.528847550714107939e+00
-3.462915579856783999e-01,-2.873306350041507362e-02,-5.792079554328958269e-01,6.325825298511768280e-02,-6.800038385615295722e-01,3.870000010378926159e-01,-5.285278886698012712e-01,6.601341594660503631e-01,-5.016326378691673277e-03,-4.228222141976148429e-01,4.557303047911578919e-01,-6.872484395515562339e-01,-2.735328225087047538e-01,-3.776330530772936531e-05,-6.058340164410442458e-02,-1.004292734185312952e+00,-4.603232713066831572e-01,8.411717121171609357e-02,3.400542203200448421e-01,6.332146493329231518e-01,2.475904443929931031e-01,-2.571201953555353747e-01,-1.101462326500319000e-01,9.307820619159090647e-01,1.467994225438158606e+00,1.190109572433085905e+00,-7.077593852171381039e-01,8.148056593229792144e-01,5.262005344369889981e-01,-7.420269377993547744e-02,-2.748490346043923616e-01,9.060480306116135418e-01,3.990316595665130972e-01,-2.353927788536703258e-01,3.815802570772579005e-01,-9.038106386212859666e-01
1.051784018661664266e+00,-5.894684770167127885e-01,4.089235543364697634e-01,5.445826912291918953e-01,-6.122645464081455380e-01,5.043254781542183540e-01,-2.411826575542457829e-01,1.539898175150467896e+00,-2.105392527025070348e-01,-5.832356603081525481e-01,4.282774281967309804e-01,-8.695611115098589305e-03,1.724288292662225608e+00,4.461000425689189974e-01,8.852866855281018577e-01,-2.248338008314869074e-01,1.168617164362427581e-02,9.510500892959478092e-02,5.591257366340955937e-01,4.209697865122883353e-01,-1.986817459051987145e-01,-2.115138725766561867e-01,-2.703441686862514404e-01,1.155086336716856926e-01,6.539736991395723731e-01,1.067485054995147120e+00,1.383301535550935490e+00,-2.680473003567106216e-02,-2.170023691493241369e-01,-8.338446140739504964e-01,2.511096238203465447e-02,4.453845283751969308e-01,8.122209405142135630e-01,7.580379682357156479e-02,-8.654947249110759300e-01,7.873137619922924990e-02
7.877504679212027350e-01,1.652816382744223267e-01,-8.979425048955116950e-02,9.182820846719186303e-01,1.565721804032884190e+00,9.529172240396945881e-01,1.654083856378766038e-01,7.593147801827474508e-01,-1.730835740010990553e-01,-5.463176622533660876e-01,5.877497126231894242e-01,7.143319172196492817e-01,4.571415425702853030e-02,-2.511656441348371072e-01,4.868221898995794272e-01,4.989786928385802067e-01,7.621761160467805940e-01,-4.859684185427252667e-01,-7.852643005306050306e-01,-8.969444604631184870e-01,-1.324932259229984477e-01,-4.465979735183964738e-01,9.292372049030926950e-01,2.926887734751210113e-02,-9.710747716255800910e-01,7.093646377550312243e-01,8.085515470879785227e-02,3.524897401865527136e-01,3.410173884167050917e-01,1.482782836432696150e-01,2.616713152172717716e-01,1.193803358648527074e-01,-5.531929529827185332e-01,1.833660990712370209e-01,5.119527524962701470e-01,-1.050282063229089347e-01
8.539979186148793922e-01,-5.846587007337481628e-02,9.488044624481549727e-01,-1.363088554771509919e-01,6.786950792667143517e-01,1.149942533272886536e+00,-4.128257333926795697e-03,6.003304229014336801e-01,-3.323896260876903486e-01,-1.778065641484795067e-01,5.992141095987897348e-01,-2.565253052217002505e-01,7.303049402607328933e-01,4.476854233035884589e-01,1.508195634270538488e+00,4.667925471973364271e-01,1.213350899587609000e+00,-3.541612422067740851e-01,4.799152249968653416e-01,-1.571252932597149710e-01,1.152610412973512077e-02,1.669110265965294104e+00,1.041996428065820268e+00,1.123642015118809345e+00,-7.063897429982947118e-01,2.435046468834267397e-01,-4.900033236512405521e-01,5.059698281839509759e-01,9.077004114135747148e-01,-1.118084421008555207e+00,-1.790100512816710232e-01,-1.140172691429586077e-01,2.427376130390461184e-01,1.335256195323583750e+00,8.361178776394058154e-01,1.506434097426937235e+00
6.121149897948889862e-01,5.890285019799800237e-01,1.050733446226209011e+00,7.891579496124235815e-01,6.535386018137815389e-01,6.108641367684537471e-01,2.363874287247673123e-01,1.325077450483501007e+00,1.192506060939545892e-01,-1.025108838691548563e+00,1.148179328026452284e+00,2.826982820194028911e-01,6.653971972677754643e-01,2.162527144917662444e-02,6.805785034962619218e-02,-6.149845308398864674e-01,8.378823258797364337e-01,-1.548755720080531029e-01,1.175839685874800811e+00,-5.934626932647050213e-01,-1.706030323103365220e-01,7.551101097932955142e-01,1.264005236989603986e+00,1.710521384184165772e+00,1.860460159905037436e+00,2.157799765843212425e-01,-2.400709587522864910e-02,-5.562646551223826563e-01,9.676275242568801449e-01,2.114596398079744977e-01,4.074544935170585497e-02,9.754941506027695608e-01,1.741519587382650780e+00,1.360494695851954372e+00,8.636727692311081395e-01,1.012105680447646705e+00
7.874619481495892526e-01,-8.876214205517847233e-01,4.076712536136551934e-01,1.072989612506757506e+00,1.067365736604972692e-01,9.238027509917861035e-01,-2.267845880937644221e-01,1.499626401523601604e+00,-6.590219117377278391e-01,-9.658844894504943213e-01,7.901796291949459983e-01,3.173815657967612447e-01,1.534959299463675819e+00,-4.546635082799714289e-01,1.235131873798092972e+00,-5.557152238811772227e-01,6.255862672152739945e-01,2.837973630138824754e-01,1.359075271275921981e+00,-4.996903746367593602e-01,2.374491614684923202e-01,6.575009337472503823e-02,8.986705464172229929e-01,4.328759868608292871e-01,5.961503299014242474e-01,3.619613239278252070e-01,2.768131976694924168e-01,2.769372352159337747e-01,6.543997773336112100e-01,1.877911532217992341e-01,1.306362765676876148e-01,9.357741228332786543e-01,2.079085099791789126e+00,5.795606914300699408e-01,1.007152545356568396e+00,8.088064853522205500e-01
1.062113748979865546e+00,5.911658233769926385e-01,1.471383189989249995e+00,1.015222442043553497e-01,-3.676984068994644805e-01,9.321480019973478470e-02,5.423215116729694918e-01,1.595594631163493649e+00,1.798435297831979252e-01,-1.821786000831090990e-01,-1.013763747164356660e-01,3.860229636692523170e-01,1.343173107435625235e+00,-8.788498060689918789e-01,1.329308782396138700e+00,3.556441700147638940e-01,-4.435957125026365744e-01,-3.824905581118406284e-01,-3.785820490588177600e-01,-3.401314012614236049e-01,-7.083747935971170806e-01,1.565459647759734341e-01,-3.928596993837552009e-01,-3.519191804564493486e-02,-2.487843915244977722e-01,1.275887606983449885e-01,-5.053085180359753181e-01,1.226326874482331353e-01,1.948905079718465383e-01,4.137972925993143036e-01,9.838845446953287111e-01,-1.046050885127109087e+00,1.601571671865683055e-01,-3.545814208033699622e-01,-9.625293364555802533e-01,4.208153116533276950e-01
2.170988340465980770e-01,4.402678744617986029e-01,1.724686678466985368e-01,1.172884964730079416e+00,1.629868271435817029e+00,9.176688889116908499e-01,4.615322856494749049e-01,-4.110002110957594046e-01,8.035424733583509393e-01,3.689126961864528931e-01,7.981202330542701562e-01,-1.057274073544833382e+00,-1.553585655750489784e-04,-5.909047043853749015e-01,1.498173015898733862e-01,7.255844114002377720e-01,1.080029896398244427e+00,-8.900630716226180794e-02,1.711027019979294572e-01,1.428250980549374827e-01,-1.181432054226123851e+00,1.120468432035256479e+00,1.310138678058848205e+00,8.703291828536465768e-01,4.892795390702548430e-01,-6.383728729149830416e-02,3.834993812402049396e-01,1.136552553531077203e+00,9.518044354867640777e-01,-9.710660829591235554e-01,-1.682958620378043058e-01,-8.629450023950351323e-01,3.056189132201983516e-01,1.654675487016545432e+00,1.347939830858770227e+00,1.160154106373134875e+00
3.766381059996593561e-01,1.422347783647750497e-01,1.024301595232851303e-01,5.581367932500287676e-02,2.261082119797053203e-01,-3.066635895308019166e-01,7.626249670017102300e-01,7.616987643697163690e-02,3.000272252362503611e-01,-2.167836388347132714e-01,1.874592667867135409e-01,-1.140876213153239949e+00,-5.591494392290790039e-01,-1.570657659323123831e-02,-6.612365550283335613e-01,1.219707031932583563e+00,-8.340406569546942039e-01,1.729503745179687690e-01,1.827886576737083990e+00,2.406435297060423584e-01,-1.551137766906872661e-01,-2.760720419163926187e-01,3.366277443863219254e-01,-4.001353405212731973e-01,9.402569450956227426e-01,1.345599302859040058e+00,-1.539395132881504757e-01,4.375500509435655688e-02,-1.520431462745051310e-01,-4.848988017534334727e-01,5.945752423610720649e-01,1.696533120291496388e+00,8.416500230483221490e-01,-1.327880793392910153e-01,-8.894966948993600353e-02,2.694016368128907546e-01
-1.390418637440709926e+00,2.017016047842560833e-01,1.729233809595416838e-01,5.038641183498168141e-01,-2.631320076103478289e-01,-2.591766026345334040e-01,6.012582933348515901e-01,-7.815783530746045482e-01,8.145451456906996901e-01,1.277947229613913160e+00,2.387258423524427353e-01,4.070492367883066231e-01,-7.447908535496720051e-01,-3.472798933487863393e-01,5.289312735860510761e-01,1.809076734911169437e-01,-9.071373151338542329e-02,1.164345661697722550e-01,1.253488242160133215e+00,-1.465478505435168499e-01,-1.447297248836937160e-02,9.818463126005326780e-01,4.738605092945303854e-01,1.161797313979550550e+00,1.901792957306545073e+00,1.865981065093096136e+00,-7.381996479258793320e-01,2.853156099383686306e-01,1.337751890452886450e+00,-2.052552314118208376e-01,-4.821000173561973412e-01,3.395928429141759075e-01,7.776481105749842859e-01,1.175004568303606556e+00,9.209709121163717205e-01,6.945334558684210791e-01
5.332712234847277744e-01,-4.634609860172459461e-01,2.242144820743620093e-01,-9.397376219552003862e-01,-3.287330544706208446e-01,3.648020597578806590e-01,-5.588836046948105762e-01,-3.022183624062154683e-01,7.089834142183495391e-01,-3.664219901262711354e-01,-4.269724096146321202e-01,2.879241809653360629e-01,9.773667815776470036e-01,-1.198349736470593063e-01,3.843679301592999309e-01,6.728845900575031180e-01,1.627760814402859635e-01,-1.349589505925300748e-01,5.618366306872568661e-01,-7.126054804605322923e-01,5.558508725519033522e-01,9.047857287094349110e-02,6.664004712114665052e-01,4.944626581748520211e-01,6.915147399861925059e-01,4.065566500498226654e-01,2.063347914684581508e-01,-3.162534421706085230e-01,1.883445705003607418e-01,-3.655759688307040900e-01,-4.306126265986371382e-01,9.295045952296429048e-01,1.467050310203991792e+00,1.532699476567885577e-01,5.891875743358910844e-01,-6.167808515276136383e-01
-5.333063710223644449e-01,-3.807022647885398986e-02,1.103573954006291241e-01,-2.843428727805041856e-01,3.066374955282527015e-01,-7.822306908240306278e-02,-1.496653591048353882e-01,6.301283935962396221e-01,-8.548304510801425504e-01,-4.809026708923467841e-01,-4.086544907203901733e-01,-4.238405349993489835e-01,-3.643765226456876505e-01,2.442379789454102723e-01,5.482664142051734135e-01,4.580206303279443225e-01,-5.097810632645044526e-01,-5.370894928493689241e-02,1.226132606737411868e+00,1.200014761427213722e-01,6.528736997546172871e-01,6.623328822279949124e-01,1.078159710550411488e+00,8.033846425469558516e-01,1.125537509544761505e+00,4.605515436551518293e-01,-4.644688604787874930e-01,-3.650554298942434439e-01,7.181653444224767036e-01,7.739616328163816394e-01,5.877009571477157523e-01,8.936751646430283191e-01,1.086466647104752381e+00,2.027819909448009827e-01,9.103538267242677895e-01,1.079807356655863693e+00
1.134500594836064025e+00,-6.983795879674877805e-01,7.916211658298497600e-01,1.717443399270771387e+00,1.411948221304622386e+00,1.247117249532570415e+00,3.335765461202998966e-02,1.329720697872831092e+00,-4.724447044764061854e-01,-7.900297810068787063e-01,8.089567238825158269e-01,2.689615288618890654e-01,1.053914941134305616e+00,5.069793394224749727e-01,1.175725258280234442e+00,2.242109810717104676e-02,1.663742477007818632e+00,5.661878892287336429e-01,9.509543493902787858e-01,-5.515249305080388575e-01,-4.536807461277568843e-01,9.192744308579232637e-01,8.165943081737744302e-01,1.828881164940325155e+00,1.599329255276843442e-01,9.678711065553935455e-01,-5.331132436991172785e-01,5.840093445652565218e-02,1.191132416446005537e+00,-2.024484872069526875e-01,2.652407068407582336e-01,9.006865297468529263e-01,9.103021936219148902e-01,7.910556372905446221e-01,1.325412144365791356e+00,1.069250731853123693e+00
2.768873037852889185e-01,-1.079720823050023704e+00,-7.421641560203187105e-01,1.493125286394913154e+00,7.621807202374711876e-01,1.117421878839145455e+00,-3.152376999998623419e-01,2.589433152581223641e-01,4.789949720472526651e-01,-6.048138697928086005e-01,5.932142872562310432e-01,-8.318642066658561429e-01,1.167036559143849878e-01,-8.326402104149117633e-01,-1.830408474493203375e-01,2.598055732664010797e-01,2.029046467337480841e+00,1.842091711437259527e-01,1.626442370987461361e+00,1.295794212798828393e-01,1.546217046925073280e-01,8.945385511134029688e-01,8.083649335481826181e-01,1.587189075771348046e+00,1.187337176412483375e+00,1.168148172442278199e+00,-3.040876302155332556e-01,-1.725208657142187074e-01,2.033745241489529398e+00,-3.375091521413768614e-02,6.630840297959993412e-01,7.398741443329601708e-01,1.400772085774141029e+00,1.144897799422806228e+00,7.981434473284323428e-01,1.324281449272241007e+00
1.655461848251928547e+00,-3.405022734678447155e-02,9.254304076744219731e-01,1.775197645540000368e-01,4.338531263600866050e-01,2.849202572262426458e-01,-1.133065373313000140e-01,5.023860774106767568e-01,3.317396279731584241e-01,-3.947856371365702222e-01,-4.091376839801330600e-01,-3.273215880213471429e-01,1.028854403378492099e+00,-3.981482321452524675e-01,4.321559816074846960e-01,-3.294209722288923836e-01,-9.166590523045180239e-02,2.271422340725373357e-01,1.033633455381870236e+00,-5.402310476244377435e-01,1.143310657855280965e-01,1.161377760698000028e+00,7.725184047927239339e-01,6.018769705860183006e-01,6.016849229688094880e-01,7.340938415772233494e-01,1.107121018217936959e+00,-4.445362043952733599e-01,1.132999583589439974e+00,-3.570512981864596425e-01,-2.529915578926600905e-01,6.469317803017986535e-01,1.400601192953286223e+00,1.189553914271652912e+00,9.353280994295979367e-01,1.251467473324884949e+00
2.736262065915152641e-01,-3.588158422108067014e-01,4.189676135967609905e-01,1.370099239693276294e+00,1.201851525348388350e+00,8.950368293879822357e-01,-2.630546315605500896e-01,-1.318143493365474261e-01,3.845773820267653909e-01,-3.411655228338401624e-01,1.024835619985171142e+00,-8.738145846608847966e-01,1.301873292621505140e-01,-5.177642087104753488e-01,-6.590683659175265996e-01,2.593574409703207073e-01,1.105168765066904868e+00,-2.216887448240036917e-01,8.489521621153461872e-01,1.135516883728346915e+00,-9.707214651148345086e-02,8.993919858612050566e-01,1.326152639577372172e+00,1.043606168634177100e+00,1.493714224878786689e+00,1.138724400941071302e+00,3.805445712691911120e-01,2.216652064924165277e-01,1.322651882411820745e+00,-2.132648492308898691e-02,1.112638886345517913e-01,8.644822533997050806e-01,1.302084753693170116e+00,3.269806577173270945e-01,1.363068144944028059e+00,1.499012675111104365e+00
4.185511069505208348e-01,-5.496076452958511549e-01,2.968655606247650458e-01,1.266328697306694284e+00,1.203363918131847843e+00,7.764581778763698372e-01,3.800831164837718545e-01,-9.186324312818205939e-01,3.886109061839794765e-01,9.571895476645722600e-02,1.525479336270926911e+00,1.000244924582733286e-01,9.190950733798558536e-01,-4.709096667240729728e-01,3.047036592507840758e-01,-4.430022445778605822e-01,9.368069097728874972e-01,3.711862938213374430e-01,3.127151631052504932e-01,1.039769340178838597e+00,-1.757033666817496842e-01,1.643000672073090973e+00,8.728499064349040104e-01,6.495499558576505184e-01,-8.114767807085120355e-01,8.133531295107530867e-02,-2.606528028080640769e-01,4.237586849144519552e-01,7.357996225327838591e-01,-2.383007787909723063e-01,1.773276382154693465e-01,8.606078990696961473e-01,-5.443249404680742254e-01,1.508806402365997723e+00,1.437052649897684775e+00,8.895270148157830015e-01
1.185694227012624946e+00,-5.604764587753922889e-02,4.020704677633217539e-02,8.371041954245875827e-01,1.532729762442305299e-01,8.684233100609053402e-01,1.160184857694535748e-01,7.504613108283655354e-01,2.459785638982830425e-01,-9.469109386634849690e-02,1.029971596373808973e+00,1.636701832041491944e-01,-1.894830292894669477e-01,3.411185084014310420e-01,8.125440790433405835e-01,-1.815743692477683746e-01,1.603765132925180747e+00,4.381631521156604814e-01,1.268622430526932243e+00,5.596280927843234887e-02,1.688919354913552828e-01,-1.086965869359043796e-01,9.184342518632984120e-01,-3.592015778777316592e-01,1.567472347142967237e+00,1.774860860632807569e+00,-1.615671664113499384e-01,5.829234796460541768e-01,7.199067311550531867e-02,3.117989431775157472e-02,-3.728184641806047556e-02,1.931344497287894590e-01,1.273961979125852517e+00,7.217758821758730736e-01,-3.523602113123028845e-01,4.236693290395198153e-01
-3.971261794348050489e-01,1.079008477664368387e-01,-7.198678538396754423e-01,-2.100365928561761381e-02,2.430332014216316505e-01,8.764548029217300584e-01,7.787868580630622484e-01,8.212491707816104158e-01,-2.635459709360213898e-01,-1.225825342495078657e-01,-8.321527124609683357e-01,-3.575777542094893957e-01,-7.259146009225537766e-01,1.827684483186207687e-01,-3.484950023956218668e-01,-5.507111349074864659e-01,-1.777072179503401961e-01,-5.924384779647217103e-01,1.154508409893816312e+00,1.422237470117183045e-01,-1.578562950288698030e-01,6.346622597932868315e-01,3.302793125772163219e-01,1.277678302624019935e+00,1.114360369967718256e+00,1.232157732061221811e+00,-1.532176904763235814e-01,-1.089617527907010136e-01,1.720999574388151432e+00,-3.002924327494685408e-01,-1.563220112790421334e-01,1.371946041432574370e+00,1.151455648277814880e+00,-2.331110353324938878e-02,1.560566349841661093e-01,6.695843666949528039e-01
5.155276226887388624e-01,3.005235466252769161e-01,5.393581516387285779e-01,1.473649600886052680e+00,7.447174328929632159e-01,1.140813039053339972e+00,-9.372492018595084406e-01,3.255555438973073423e-01,5.453387189437894911e-01,3.458719350934550407e-01,3.910316133396003480e-01,6.427958612069997191e-01,4.546077855909289589e-01,9.980551952166261467e-03,7.599496890669238391e-01,-4.617075983105603521e-01,1.583970280769289030e+00,8.424907478121341775e-01,1.089137108548828392e+00,7.629994584313340988e-01,-1.406075265946979402e-01,1.054154299191177202e+00,1.065744628197309307e+00,4.216455556881391065e-01,1.249728446231265444e+00,1.354846570081184698e+00,-8.673681732066340633e-02,-8.458755840564214923e-01,1.183852747185538457e+00,-7.575067570751414792e-01,-4.056349168178857711e-01,1.065710646225157543e+00,6.151687678381232427e-01,1.126838325272587316e+00,8.868948725517601384e-01,1.847517446294726362e-01
9.692581606323967813e-01,-7.475543346699003999e-01,1.982444702669645231e+00,1.752504094674842028e+00,9.840829911932243990e-01,9.375791136775226686e-01,-1.465111422183988266e+00,1.517631281456374381e+00,2.814305905786437800e-01,4.064059352484339915e-01,7.973759223502866478e-01,-2.347144125316833196e-01,3.822906770898332196e-01,3.890048650925000406e-01,1.626076939349231809e+00,5.619414383815232172e-01,1.093628788004176400e+00,-1.633258510837636013e-01,-5.259852116830519009e-01,-3.508752598154272206e-01,2.337752368175111117e-01,8.577233122995633341e-01,1.820702092367759484e+00,1.576178015412163624e+00,-3.009045660580781933e-01,-6.078310321675016725e-01,-2.742091713855837609e-01,5.326914732182473911e-01,7.380387959391403463e-01,2.729939925832503556e-01,-2.829400596135863144e-01,1.715820785117219138e-01,2.640709866764899272e-01,1.492916622792272996e+00,1.716620065289874875e+00,1.655114467403967504e+00
1.012158572432295900e+00,-2.019799674647154708e-01,7.482077157752470287e-01,1.516040088876230207e+00,1.453741472545374780e+00,1.199561023926022374e+00,-6.387553017814762146e-01,1.100465449750116953e+00,-1.921157854700018819e-01,6.578637303985455098e-01,9.885462666331978898e-02,-2.794118456498234093e-01,7.066748458732166061e-01,-2.332870159799513288e-01,1.478789374248569377e+00,-1.176179205588425702e+00,8.959739118850597039e-01,4.253603370587323296e-01,4.900587530041799478e-01,-2.745389302700330103e-01,-3.398890746710435118e-01,1.731067867363538793e-01,7.551834512535993138e-02,3.470155751362845320e-02,-1.900689098430495605e+00,-5.635861024515669282e-01,-4.316115314242535139e-01,3.215049309795178223e-01,-7.203798523345358307e-01,-5.233137804302250284e-01,-7.719200296620082336e-02,-6.437975883899261786e-01,3.214269525904829283e-01,-1.957018399043033430e-01,9.164529661471585431e-01,-3.148593585294441333e-01
1.241457471136128810e+00,-1.519399697219063206e-01,9.196010014614611761e-01,1.425353868558794534e+00,2.443271794989755608e-01,7.523850797071487961e-02,-6.628837759169362021e-02,1.518581016340132095e+00,-7.591631568996339841e-01,-9.059401148341127141e-02,-1.416828728006751303e+00,-2.667038129558335080e-01,1.423963406455347025e+00,6.911154194276086793e-01,1.302985119090019461e+00,3.199842957488708284e-01,-8.579507449773156047e-01,-3.391869056974665120e-01,1.737202507956061570e+00,-2.619300052420652225e-01,-6.799120104655785590e-02,-4.027809931788409181e-01,-4.668757427451220021e-01,-2.351346132398521860e-01,6.694720170364254486e-01,1.478750897908420736e+00,1.076847989446469978e-01,5.094419132217586910e-01,-6.936187516635470285e-01,6.127265741020285761e-01,1.072811202245267138e-02,1.919674192062972073e+00,9.736119308196755640e-01,-7.467009073314602174e-01,6.421103139369187529e-01,-6.824411906176615361e-02
-7.937469156072287646e-01,5.744347375556476676e-01,7.627016226290166401e-01,9.631239539604296018e-01,-8.591405004203296336e-01,2.726694509603593275e-01,2.058594153776334978e-01,7.889426348697070601e-01,-3.869029525543389303e-01,-1.868725138555514809e-01,-1.733601452812212895e-01,-6.267190032188446613e-01,1.496496085025622591e+00,-5.461001732160486455e-01,1.511595488890003836e+00,-8.944672826254613796e-01,-8.859489009593743414e-02,-8.115326651789869783e-02,9.921028140282209806e-01,4.781479398396540903e-01,-1.011736099788802662e-01,7.710352948581502552e-01,9.003362075696386135e-01,1.490503427784874324e+00,3.971965259326531994e-01,4.896657500967688259e-01,-9.783491262116403853e-01,1.013624347943201887e+00,4.201276358587727744e-01,-9.427158279358665016e-01,-4.044495693227078137e-01,6.937723759740728191e-01,1.732728000620201048e+00,7.675503872123489169e-01,1.145884640354688067e+00,1.046100976373848246e-01
-1.567975244164303839e-01,-3.799354904914664099e-01,2.913574858321448663e-02,1.317204353069315381e+00,3.320520246009375231e-01,4.317907858887879424e-01,9.679450297229100220e-02,3.436428554012471714e-01,7.086875975473979627e-01,-2.359458651763408354e-01,2.542606625445523738e-01,9.331285978029299488e-02,-3.973218589439784787e-01,-4.622100987832404306e-01,7.040885371826430816e-01,3.093584050435619348e-01,6.359610678618334845e-01,-9.355767670828568985e-03,-4.283849406045439623e-02,8.254780891689555977e-02,-2.029698066789531186e-01,4.996873618147668061e-02,5.118249124972032993e-01,7.340017073726037289e-01,1.405588313311209071e-02,-5.411471810900749801e-01,9.314246894704059088e-02,-1.906357305920390321e-01,6.202624490550865399e-01,-6.351380619822131202e-01,2.232457081957238687e-01,2.121216929114896621e-01,4.001104408944904378e-01,1.274644112815134012e+00,1.312067227397254232e+00,1.191039309830066006e+00
-7.006862353208653284e-03,6.348779227425956906e-01,-5.151611458919929110e-01,-4.593460794634206257e-02,1.316871248544464190e-01,-1.654510728017569710e-01,9.389469987496039394e-02,7.410817283541909495e-01,-5.159567114996510551e-01,-1.318961243644189318e+00,8.003120696666613521e-01,-3.958311183192805283e-01,5.612498481112931925e-01,3.259566501354121959e-01,-1.083433990163607252e-01,1.901723948221775151e-01,-5.702671321817461836e-01,4.294857719639481181e-02,1.297020102392691721e+00,-3.871663631682637496e-01,-1.901455485558404268e-01,1.562967598756612175e-01,6.616368548273098282e-01,-1.577419936387794387e-03,7.846700776955153334e-01,9.267921127327742870e-01,5.800879735026894801e-01,-3.207561679157278633e-01,-1.501161985529325116e-01,-3.161303891174277458e-01,-1.021582673886215070e-01,1.106847801168884704e+00,1.516939100760558823e+00,-1.062287642371947838e+00,2.777444578810177034e-01,-4.457949412000743461e-01
1.497797505999912682e+00,7.897939007946379320e-02,1.417249466979533246e+00,5.283080318046597945e-01,9.660849571009649805e-01,1.759735548340493505e+00,-3.946277648881792999e-01,1.098634582519704805e+00,-1.845876861389003087e-01,-9.755423510629433748e-02,1.203035597573255622e+00,-1.347594526067029674e-01,9.982954267309342988e-01,-2.522916348062306802e-01,8.748583741453541673e-02,9.654706411437602442e-02,1.219735018325618148e+00,6.910867321020252030e-01,9.340672684314813567e-01,-6.973542657046843951e-01,-3.770040970366212996e-01,2.701961726696158750e-01,-4.226475531653757500e-02,1.396454420793823703e-01,8.234599307561427661e-01,1.934904457040585557e+00,8.639940056407463542e-01,-4.657978127266440560e-01,4.545154965554257798e-01,1.520311949073935298e-01,6.779762644835821833e-03,5.701560053279097762e-01,1.810765316723824458e+00,5.826291705828628986e-01,-7.285500263095677775e-01,6.917456541296599370e-01
-4.882888822888825087e-01,4.724101559303678921e-01,1.999477607177534422e-01,5.629268398658047179e-01,5.944511058345243182e-01,8.062384481932004521e-01,-2.562530228201914118e-01,2.638901560763134424e-01,1.893684965419049071e-01,-3.178249514302375900e-01,1.712452876125380996e-01,-6.669996334248787795e-01,4.350277544152251208e-01,-4.974052367704852040e-01,5.556759943529763351e-02,-8.815787669010488603e-01,1.198529917831502312e+00,9.597632027855096393e-01,-6.640336155010427843e-01,2.748486345573612488e-01,1.362309665573044615e-01,4.589419730770706307e-01,-6.562015966783101006e-02,1.364124710326324319e-01,9.098706407473464153e-02,2.864214094853796966e-01,-4.195563525118228831e-01,9.622438069224679980e-02,4.051627987422627419e-01,5.839952957123056843e-01,2.478644577618374367e-01,-5.659782669806410205e-01,-7.767890877600349686e-01,2.043127804203049291e-01,-5.058218765864535005e-01,4.221673030429390905e-01
9.419998067655130924e-01,5.067464746013895516e-01,1.531952513894846213e+00,8.508040840563725338e-01,9.828480965808504555e-02,-3.164334791711623240e-01,3.856828627097024995e-03,6.881854034401182485e-01,1.199048517143544712e-01,-4.341198439334863490e-01,4.510032281591364045e-01,3.487450772939703625e-01,1.069516651958833720e+00,1.278827337797040428e-02,9.017785409094372095e-01,6.561276017608168587e-01,5.937087413448065565e-01,7.285842728888901332e-02,-4.283249385529976361e-01,-5.884241595948059844e-01,1.438103565188679211e-01,6.809690312918023070e-01,1.237966936188060973e+00,8.066522313151196499e-01,3.868771796193053447e-01,1.037076222394351793e-01,4.990265309758771251e-01,-1.116952626147146077e+00,8.864748770875670036e-01,1.108394066633417552e+00,-1.251580505868468807e+00,4.213261086425811319e-01,2.090018703844710168e-01,1.642850527174617659e+00,9.132041022371858441e-01,1.595177219526439760e+00
4.179940608152585835e-01,4.565022670409401573e-01,5.132815023574148761e-01,9.313117147177933930e-01,1.473454122081263362e+00,1.546033853245349476e+00,-1.739794866024877429e-01,1.313491468186889888e+00,-7.712683069427355154e-01,-2.361904506347049515e-01,1.734459447961889111e+00,6.716940239230548837e-01,1.334606918207893678e+00,-7.091724290426912325e-02,1.423630158323088146e+00,-1.161409601889367392e-02,1.084114303746698704e+00,4.419145420305493899e-02,6.122398469691003875e-01,3.629624056596881809e-01,-5.349736302875545135e-01,3.879224270948791742e-01,-4.803012352859595269e-01,-3.610378579487427686e-01,-4.204236779016377046e-01,9.219582741291514338e-01,9.459448746467925828e-02,4.135362540267334963e-01,6.554380048493396727e-01,-7.451067139147161678e-01,4.924137435399478235e-01,7.679828731999216451e-01,9.639699508961842023e-01,-5.263417778621098247e-02,-2.247573354098468812e-01,-4.449555284414668521e-01
6.854938726566484064e-01,5.479608889092930646e-01,1.246789773472339657e+00,1.754352557212677688e+00,2.256174992754323982e-01,1.517098300180580450e+00,8.133270524428665160e-02,6.374132751023658949e-01,2.446017467793515920e-01,7.830166364137626234e-01,1.802307062336457877e+00,4.111091021283028168e-01,5.041976570895609910e-01,1.549317267112672314e-01,1.171211288039993415e+00,6.210083113218141104e-01,9.175624104900621525e-01,7.785891507939257140e-03,-3.267543464655450758e-01,3.340436603185249487e-01,-1.077052445769255129e-01,9.298929437779433760e-02,-2.347750064419462934e-01,2.361980686620883396e-02,-5.402065024884971089e-01,8.044458341272384128e-02,-3.012876121138243213e-01,3.496642772141213551e-01,9.237267092522634115e-01,4.228506210607369531e-01,-5.599612569168078702e-01,-1.796483579492518246e-01,-8.048475420587333229e-01,6.785030945988242655e-03,-8.871117746936376669e-01,-6.006886528522262791e-01
1.231743627462202229e+00,1.962466290053467843e-01,1.864164013958083954e-01,1.130004841081920564e+00,6.960736845877160128e-01,1.599333952472956399e+00,-1.000898863255188093e-01,1.179643735211135303e+00,-5.456030374055365756e-02,3.332222301590894165e-01,6.159652894951423985e-01,3.341266473394873815e-01,1.604481410003687936e+00,9.177803239533915969e-01,1.791894805478569719e+00,-2.680609168419038624e-01,1.288574861734290478e+00,4.037486188258185837e-01,2.950224276746785668e-01,3.767392336939441866e-01,2.119718067964964370e-01,-2.726277038839506339e-01,1.035552767152146530e-01,4.233933506499319432e-01,2.308026966153839676e-01,-5.481767525883221026e-01,-4.388091383749618268e-01,-2.046208083710099046e-01,-1.024067507721837106e-01,7.863661420192831486e-02,-4.885472516521151554e-01,3.974779170531454464e-01,-9.287821621349924284e-01,2.643508431352822874e-01,2.532667138100106463e-01,3.220493270666324737e-01
9.593042989573532520e-01,-4.068732999853175158e-01,1.641521993384786438e+00,1.620147497947013737e-01,-1.973774594115896563e-01,-4.937857651694808614e-01,3.410664495863097861e-02,1.629350220384002013e+00,1.758991371198271453e-02,-1.602371658572272761e-02,3.314119732243663713e-02,6.030793384296131987e-02,8.834067126827718219e-01,-4.864275026340965646e-01,1.764507154558572877e+00,3.187463011298697912e-01,1.058566698249506111e+00,2.487779709837702746e-01,8.843540282482743597e-01,-4.729183404151420245e-01,-1.649978860871823827e-01,4.235285241254894695e-01,2.048920338050595369e+00,9.914841452511951037e-01,1.393028304049744204e+00,1.480984327908599685e+00,5.404575662321421392e-01,1.273934891817877446e+00,9.522940517318395637e-01,-9.093103209839707712e-02,8.224014598840206913e-02,1.374270764380058019e+00,1.089438554658369140e+00,8.655743663259616305e-01,6.420313022825183680e-01,6.128252580381139403e-01
5.813149588183743610e-01,3.309054753174023311e-01,-8.943920290997321026e-03,1.201500916193091406e+00,1.764421485194276329e-01,6.551799177712811506e-01,8.390343546459098079e-01,5.920593737979780169e-01,-3.557863355182050435e-01,8.771561292071211602e-01,6.410545540932184316e-01,-4.115960192357885350e-01,7.679587840836885615e-01,6.538700266898790359e-01,-2.942797513015794064e-01,-2.454441229198967359e-02,8.291500092541381761e-01,2.520692775522328510e-01,1.783695959233612571e+00,2.660772711814760605e-01,-5.695220579448554560e-02,-6.731500046218710231e-01,3.889815659591796537e-01,-6.114735744745543045e-01,9.064334657521855299e-01,1.479117821916131392e+00,4.056127300741613761e-01,4.193566376623856229e-01,3.494606175911960655e-01,7.292973069187135005e-02,1.510773122108855504e-01,1.046035132360217279e+00,1.241288716111244028e+00,2.676182205024555949e-01,6.666424609765042586e-02,2.569070612320293323e-01
2.644954220648141896e-01,-6.736797336508168477e-02,-1.101119309006314967e-01,3.720827543734693266e-01,-4.863065967127128825e-02,3.186904927727997605e-01,2.558020280466041241e-01,-6.230389836000221893e-01,2.363925113608374429e-01,2.328119070053832063e-01,3.983339340527352057e-01,-4.185416939159797844e-01,5.470550500660084081e-01,-8.339874564512142485e-02,9.941371666840447263e-01,8.762164772790370648e-01,-3.040300958559254418e-01,-6.846092974485049609e-01,1.348621222287916810e+00,-4.099845168039714105e-01,5.737537615389337597e-01,1.264930938803548566e+00,2.731955044262139864e-01,1.391032122096748980e+00,1.068625459280384993e+00,1.206055811963731905e+00,7.620232998994052043e-01,-6.496108103106126852e-02,1.379010865691563836e+00,-2.991943351710742438e-01,-2.869024641400553244e-01,8.909262431634240587e-01,6.898092987924613340e-01,1.283930749169257091e+00,3.382818670993678056e-01,1.414773572159453208e+00
1.542003747971807393e+00,4.885586470973204802e-03,1.774341119388986865e+00,-6.995367597085383471e-02,2.056838759399419458e-01,-4.627334865488033633e-01,2.192154514122273135e-01,7.159303536441277149e-01,-3.601956567948355614e-01,7.900518039604574883e-01,-6.351104275869189353e-01,-5.738422858925958103e-02,1.356395132039346585e+00,1.170354531081140015e-01,7.633650354644749836e-02,3.019546348363911781e-01,-6.894994792036452935e-01,-2.216259743228070345e-01,8.778786737328385659e-01,-1.460014660157279209e+00,-5.295028241813207193e-02,3.329386985806251920e-01,-8.504221301688612289e-02,9.246490670031091985e-02,2.130893426892913833e+00,1.562720116509181967e+00,2.969290885592944240e-02,1.293504414281504644e+00,-3.181855121995659230e-01,2.598385540303871921e-01,-7.883119514534520089e-01,1.199164002512104421e+00,9.442948452938418891e-01,3.039663340936981858e-02,1.852406974893220093e-01,1.400019574961512692e-01
4.012847252516472119e-01,9.414411548750427627e-01,1.517717672887241298e-01,-2.638565825600587278e-01,-1.150962230559174460e+00,-7.604541281559584753e-01,1.696144320077059564e-01,6.312182683987526133e-01,-1.100421845136159565e-01,-7.436206338697751717e-01,-4.355126220615604948e-01,-2.861143737885063487e-01,-9.662736818246326909e-01,-1.552831177400109397e-01,4.461933791770664737e-01,-8.408909578584792266e-01,-2.798200264003338211e-01,-1.012152137732142965e+00,-4.095746716431634127e-01,-7.402201451562634427e-02,5.106031062547444765e-01,1.227854316790968126e+00,4.082761492939740444e-01,1.046990654760077799e+00,-1.669667056680995409e-01,-6.435064023939855195e-03,-9.974741382482790741e-02,1.566860338745520997e-01,1.090556318310385908e+00,4.332167408952940502e-01,5.829594333491277397e-02,8.449653553002987039e-01,2.596130919416878569e-01,1.739155167303664928e+00,1.360125011548370288e+00,6.636071319190441908e-01
-1.436029304632807646e+00,-2.742226725857816461e-01,7.213795534954025035e-01,1.527194019587711171e+00,2.697912454405616556e-01,1.429380907619283381e+00,8.636174506247848992e-01,3.033492115193840988e-01,-7.379280878072809191e-01,-3.919076670721078348e-01,1.200252187487364841e+00,-1.077674815975747796e-01,6.388313381030568117e-01,3.656243678248529139e-01,9.815888382702863124e-01,5.103084560323134511e-01,1.276268673650161389e+00,-1.571671594164715524e-01,1.702230881478977720e+00,2.749171819475038081e-03,-5.129500341530899288e-01,1.024085411748808738e+00,9.540722108345898178e-01,5.032299051459572237e-01,1.413919239739335643e+00,9.297858846231270569e-01,1.977943114043678452e-01,-3.904543031165627065e-01,9.176644024047048154e-01,3.871630811938294725e-01,-1.234141509897241501e-01,8.173292150486635155e-01,2.092156851221268266e+00,1.158097462784096754e+00,1.366653263942757990e+00,1.373118966026972698e+00
4.848181833294541027e-02,2.638123136752993925e-01,-4.865059007576168493e-01,1.724104275947431653e+00,1.623474880588789304e+00,1.095107284435840267e+00,3.177937841859131488e-03,-6.198115352232828057e-01,5.146554858448071368e-01,-1.275184012681865597e-01,1.304883454146373634e+00,-7.203369970162267766e-01,3.157273081812194682e-01,-8.762552731756945157e-02,5.953935942344208351e-03,-7.089058830096361952e-01,1.339532148426652913e+00,-3.062626760585943630e-01,-2.350562724334967143e-02,4.020905007053811042e-01,-4.283442697611926364e-02,1.993121481116567839e+00,5.505984673846027189e-01,1.120242874076815554e+00,2.066615817396708354e-01,-5.094863901584333332e-01,4.370450380859518258e-02,-9.744087854382132985e-02,1.112907212973051729e+00,2.268239897103043468e-01,6.991254159802656742e-01,1.440869146156968372e-01,2.735345657115683671e-01,1.749657983451245791e+00,2.078681315711379263e-01,8.694015895656207471e-01
3.527688623253877331e-01,-7.391427178795818564e-01,-6.255924700884271106e-01,1.262172176613028940e+00,1.662133262096470165e-01,2.026890137281910143e+00,5.830138285629243855e-02,-4.854654061943381588e-02,6.015964260316586376e-01,-3.985441954412730775e-02,1.120315595415334986e+00,-7.795009036193004115e-02,-2.509085514778270909e-01,1.855937525447616532e-01,2.625140270635362705e-01,-6.365691226378585865e-01,5.594135125868788805e-01,-3.297075262480110847e-01,-1.479410754754828874e-02,1.728303087411223737e-01,1.078042822422668356e+00,1.137520075616036630e+00,9.128281592998841454e-01,6.425596126945921638e-01,4.926412828545806977e-01,-5.951235611831656551e-03,1.708772840760077183e-01,-3.395823037418495456e-04,1.275288671274239061e+00,2.393500028460008311e-01,1.869213525364924466e-01,1.916543146254749783e-03,4.671439607350674761e-02,1.191159779496357096e+00,3.790190753887845432e-02,9.829636855906148662e-01
-1.045059499376496337e+00,-6.925175281953361850e-01,3.759876849572348079e-02,6.396202158898873780e-01,1.066962472193015543e+00,9.907689162738725352e-01,-2.345770504492888930e-01,-4.574989111450708523e-01,9.774347739079942976e-02,3.446584771737108005e-02,9.380552515186885154e-01,4.362072185285015835e-01,1.006672191124130672e-01,-2.980157679863764675e-01,-1.792969750367992554e-01,-3.096547428960203310e-02,1.061595386586671630e+00,6.682075853779759766e-01,8.440386204458137920e-01,-2.344726560294222162e-01,-5.097035659362977311e-01,-2.714407565804263789e-01,2.100631313589181870e-01,4.163931740946076321e-01,-2.040574284465455912e-01,-4.570882906924743638e-01,1.911805849161132831e-01,3.117964611342969872e-01,5.173218525733047635e-01,-3.188586050567360775e-01,1.644312376084000604e-01,-8.158497852282847740e-01,-5.284852907638254438e-02,3.592572531984611905e-01,7.418603458328089095e-01,1.510814769360002141e-01
5.068328800035164505e-01,1.216058553274245030e-01,-4.777356834205829794e-01,2.767519205957122419e-01,8.449397646782929039e-01,-1.311992870103283471e-01,-4.012230337979665329e-01,-1.648384052437790737e-01,-6.589322061152673958e-03,-2.617407640659031309e-01,3.531664202423020482e-01,2.153650909507157929e-01,-1.671626557816879022e-01,-9.912621425554548130e-03,-7.695329249391003046e-01,1.606271377546944490e-01,-6.969033216875296644e-01,-1.386657780449893906e-01,7.693277681348200669e-01,2.332895003246741039e-01,-2.220710299414906108e-01,9.765210262250275663e-01,1.747596016899968907e+00,2.152839801134103226e-01,1.056550813357006069e+00,1.432104635445528462e+00,-3.138750980503978716e-01,1.046123213161241801e-02,3.193355705995315486e-01,-8.043895681849358992e-01,3.610545111022058218e-01,8.364281999228398989e-01,3.436575766485182593e-01,7.633105252334744240e-01,1.302217199777564005e+00,1.275615858606780950e+00
5.000477808338837926e-01,-1.872792808430696621e-01,4.790955701491029783e-01,8.332650898788120930e-01,2.018725971187690149e+00,1.401630480889568542e-01,7.674174384396431625e-01,-7.487401008460876639e-01,6.115866801644058715e-01,4.290032139481158441e-02,7.733285474008408933e-01,-4.543851194625410650e-01,-4.640610718802669066e-01,3.408779783106241634e-01,2.301546069908210479e-01,-9.422226618909487761e-02,9.867078787933001305e-01,-4.356405987145212655e-01,9.337162765053663716e-01,4.429205558588923952e-01,-4.537959977366589626e-01,2.605687572196918045e-01,-2.307234315772969946e-01,-7.637846331268109967e-01,1.530839415940485893e+00,3.130264210742903508e-01,-2.324138666567031886e-01,5.346267177371711865e-01,-3.936053968880585674e-01,4.712767119102042601e-01,-2.242507858281810595e-01,9.532054108655608760e-01,1.942273738402621852e+00,5.678953305834133491e-01,4.309271646736198558e-02,-3.269952737849046720e-01
1.722122531245693811e+00,-7.889138938913199395e-01,1.294103204014852349e+00,1.187183210371805631e+00,1.520548460957902304e+00,5.837955871563744736e-01,7.300857686243941713e-02,6.912012313172632982e-02,-3.150326091536249651e-01,-8.501791336991134512e-03,1.097256541294614252e+00,1.395985583182020484e+00,7.453025031750335483e-01,1.042550822850634752e-02,4.239987692578716105e-01,-9.431982989982115040e-01,1.449177453454035147e+00,4.527264179842154790e-01,-6.877202699070176228e-01,-8.448954473443117674e-01,-3.179408048628676320e-01,1.833512893421967105e+00,2.559293253921963718e-01,1.340898428847667079e+00,6.571331530942114973e-02,-1.509087270771082012e-01,-3.023008009775943750e-01,1.224910230700945180e-01,8.446024666728204622e-01,-1.996601993494735716e-01,-1.037698754111034266e-01,5.558112436079684082e-01,1.064207176419449674e-01,1.034475962259121751e+00,1.691289395887204616e+00,8.659257735513359311e-01
-3.424813822493587984e-02,-3.216196178793062632e-01,-1.476933556466309694e-01,6.497045619980950093e-01,1.201425899783046258e+00,5.876159258940847341e-01,2.682788575783258134e-01,1.173532932754774993e+00,-7.775206466080699652e-01,-1.186060688819323694e+00,5.059022351840025689e-01,3.716483995913766880e-01,-3.555800008541855073e-01,2.887405438419336501e-01,4.746106249085329520e-01,-1.255390586981985912e-01,1.442384125499154290e+00,-1.134750886668070002e+00,4.172663654876035411e-01,3.996516866295528603e-01,-4.971643089507143953e-02,1.501768281323474508e+00,1.720481442289837570e+00,1.966410290935747707e+00,9.706246477820423824e-01,2.776276465781104402e-02,-7.060859983705178311e-02,-3.905064300178205661e-02,-3.372451451515567911e-01,3.490783904853160258e-01,1.174677847283939203e+00,2.829167744307006793e-01,-7.107394224794139070e-01,5.026541512787816579e-01,5.307871322917261381e-01,1.828525990672529744e+00
1.176764856957589478e+00,-5.557393648343459391e-01,5.280446457326064547e-01,1.340369242398296024e+00,1.043105773607463815e+00,7.095079032077344916e-02,3.930134985246500068e-01,1.708364846163866524e+00,3.195940601311707437e-03,-1.579822563146424386e-01,1.682896179359553379e+00,-9.786588114578724518e-02,6.930890338324913191e-01,-7.692517849497041427e-01,7.544005988332225243e-01,9.335003157568372290e-01,1.581902356626823103e+00,5.968240954350321342e-02,9.970630212363609246e-01,4.948196601090256719e-01,5.115070114756301717e-02,-6.319523695025012211e-01,7.214601288629188258e-02,8.775512745267842474e-02,1.006452227953401835e+00,1.128724968803089590e+00,-3.464503931918818669e-01,7.753604117783124972e-02,-8.016393196310596103e-01,-4.603157121059280876e-01,-1.219275517418951932e-01,1.301268782212563924e+00,8.513343061725452410e-01,2.200991962031495219e-01,5.113387289740172204e-01,1.210116635276871966e+00
2.730616912867283586e-01,4.062767538510985710e-01,-1.411963844478464625e-01,3.634672875181865770e-01,4.098308984775475561e-02,6.136858206890176692e-01,-1.394063168602776293e-01,7.012780117340156050e-02,1.351280851803501881e-01,5.662626312775548287e-01,-2.051753484362927281e-03,-5.183019413234770667e-01,-8.478108993934233562e-01,5.170049279900268413e-01,3.201372549234471343e-01,8.309737635066498651e-01,4.623323133062049589e-02,4.329887808998830745e-02,1.089683245465073336e+00,-2.680190882744692971e-01,-3.518987597296939773e-01,1.219198202398643183e+00,1.590422086785922895e+00,1.301904179039484966e+00,7.595007376207481009e-01,1.212324287533883993e+00,8.823191520935620702e-02,-2.816761418643653481e-01,3.887455356329980738e-01,-4.153043937930745999e-01,5.977409029862860157e-01,1.126809218851725802e+00,6.954383602954241628e-01,1.038282761986637492e+00,1.305424225774326485e+00,7.299266090998270951e-01
5.442745207793541207e-01,2.939612304534323650e-01,3.346945346919127373e-01,1.280960311572077792e+00,-1.379578340045051199e-02,1.054804063400221592e+00,2.249840388052368467e-01,3.536633767829846370e-02,-1.175664303555514767e+00,-6.240320785801583420e-02,8.713567705625601123e-01,5.187543176753026675e-01,-5.196537995608095650e-02,-2.600910278715663493e-01,-2.603840178968889751e-01,3.614234056929796490e-01,1.336252858099916008e+00,-1.069863967030975915e-01,-1.994416596477031900e-01,-1.150982600003593204e+00,-1.020824454562337058e+00,-4.177250183848675302e-01,-7.193927316494334867e-02,-3.954811181028885514e-01,-7.570679239421304052e-01,-1.841533452934163151e-02,-1.090209492649492351e-02,6.546167448726460947e-01,-1.793586553013000184e-01,-1.173317459123999901e-01,-3.585421297299862253e-01,1.301927839219655381e+00,3.223646607444404233e-01,-4.141764818395410330e-01,-9.849949330701844863e-01,-6.444129261273602305e-01
1.468514676407544073e+00,8.952040923069624068e-01,1.020170186291665226e+00,3.432379600163428246e-01,3.356920758521352854e-01,1.177617770701715028e+00,-4.951524733782399212e-01,7.729471171730868395e-01,-2.195321983779282005e-01,2.708661825409070661e-02,-1.036482661732169019e-01,-4.112758785146460733e-02,1.071345795146675828e+00,9.890021905918988665e-01,1.137015972419068932e+00,4.147078055461189683e-01,3.339531980061605787e-01,1.782223660736240167e-01,-1.331878259643762275e-01,4.023765894567535861e-01,-8.753199559257182072e-01,7.699452875526345830e-01,3.337659344099302428e-01,5.022905352257577699e-02,-6.304767228539519090e-03,1.099533503420604269e-01,4.068115009856717590e-01,2.314747985582409351e-01,6.826841724160040981e-01,8.574905118323485897e-01,5.469849338328165445e-01,-7.457705300711074958e-01,-2.605989646078026301e-01,4.886185179724245042e-01,1.065162433000398368e+00,-2.934567628958855701e-01
1.977632488699757829e+00,-4.341003994011121692e-01,6.299612079336835979e-01,1.134186537754784840e+00,1.027588911972121988e+00,5.413282857588568309e-01,8.381439455843060493e-01,1.260333992442036255e+00,4.527189669910186010e-01,-2.160193907585521156e-02,9.966016812246375478e-01,6.614225983727973768e-01,7.399170589677144250e-01,-1.781186855440903272e-01,1.233118465546109377e+00,4.521741545909711557e-01,1.453632933639444458e+00,-4.711442455758355075e-01,-5.416814664009327318e-01,-4.241630994778962660e-01,4.419497825586569117e-01,1.441296840977930760e+00,1.160315602997545437e+00,1.148441223332640204e+00,-8.256963647239361492e-01,1.595143342696407895e-01,-7.866691884157440695e-01,4.128388452704889744e-01,8.423747910302301634e-01,1.211484066843006996e-01,-1.067051963195697895e-01,-4.010000697729642488e-02,-5.569213941076646135e-01,9.156012059710786355e-01,9.684643585997655402e-01,1.103327295762025262e+00
3.502485550066042341e-01,-5.012079855010231899e-01,5.912445298005257754e-01,1.423173385925472045e+00,1.537766924410371772e+00,6.017444019548195966e-01,-5.800048832892268358e-01,1.887256088562876410e-01,-3.118503287955324832e-01,2.078553771699361008e-01,4.561791605294849283e-01,5.930682977505206122e-01,1.183339301515245578e+00,5.330521332120936595e-01,6.017357929250577442e-01,3.560579126343991208e-01,4.453355360751291014e-01,3.459049385264436061e-01,7.203715257312151010e-01,7.130851384184565545e-01,-2.656526168462129966e-01,5.588562966562795609e-01,9.171202645184319824e-01,1.785535138982403902e+00,-6.811440809398034979e-01,-7.566365006294739626e-01,-1.022760163039803771e+00,4.712964728049770513e-02,1.503793963518857968e-01,5.954500504616567769e-01,8.203985566171562160e-01,-6.842145438278456060e-02,1.196539654279986875e+00,1.116750406148126373e+00,7.475486049395636545e-01,7.393370535071333016e-01
2.652648563076310806e-01,-2.963037637861638540e-01,3.505596891084630240e-01,6.177109949739485462e-01,5.886070331902159003e-01,4.397461491686752710e-01,1.059759355025652772e+00,1.709611973009480312e+00,8.899842828732807964e-01,8.392007176272157087e-01,9.645758207105946669e-01,5.532467201157950654e-02,5.361804360993076557e-01,7.418834548016355057e-02,4.998703605139075412e-01,-8.011967976466802810e-01,6.164861930282140579e-01,4.360728875154751272e-01,4.849569141610419326e-02,3.014262996792237415e-01,8.547826889904621903e-03,-4.593571344087615249e-01,2.597387118597278000e-01,4.741618371620441585e-02,6.579557205309102264e-01,6.774888859539680563e-01,-1.481590337688159786e-01,6.064866268916541819e-02,-4.476654524441207039e-01,-4.298875348380296613e-01,-2.882802756811898570e-01,2.460428328754824812e-01,-2.601015851284947389e-01,7.726951599712765795e-01,2.367369545284466748e-01,-1.342732742636639776e-01
-6.533061238379890279e-01,-7.482118284929031859e-02,-1.898025018950083853e-01,6.332023503163636269e-01,1.492907459404772874e+00,1.431276761064617098e+00,3.386070830507781348e-01,1.150880132090331687e-02,3.208302289923312678e-01,-1.001099557170792353e+00,7.976383140230882685e-01,1.873239476791989030e-02,-2.947698753110670755e-01,9.288753880870394275e-02,1.191220693001435960e+00,5.633759910089362194e-02,1.205670801298016181e+00,1.013690925686486360e-01,4.009780761072772037e-01,-7.440255086171704280e-01,-8.100906630477506809e-01,1.405369496606196089e-01,-1.019681405034162269e+00,3.214323373135583028e-01,8.989322233305260257e-01,1.225962579064981961e+00,-6.633655533696670714e-01,7.763302124923749936e-01,-2.953501272719977200e-02,-9.466826351746726598e-01,6.167601463056263666e-01,3.633568948979595259e-01,3.890301715612984879e-01,-5.988369852901472834e-01,-1.551662567424836603e-01,2.936172396318417754e-01
3.181806755357664551e-01,-5.484203102182569900e-01,1.560332952247873717e+00,7.484479670415197239e-01,1.225868285126478607e+00,1.016012021191099901e+00,-5.251174040074841898e-01,5.879003937842804950e-01,-9.375859641187974658e-01,-1.014851861280696016e-01,1.039572658042390962e+00,-1.520004581037377456e-01,1.496688180246340316e+00,-6.622777248689418750e-01,1.023249271593152709e+00,-5.019082778392042199e-01,1.190360273059415608e+00,-4.483591688256097219e-01,4.062852905006243964e-01,3.186805923417956876e-01,1.663559699164960659e-01,1.291184009061616400e-01,1.428719400132724970e-01,1.666396998137835150e-01,2.659033533290522944e-01,-1.773828435561594086e-01,-5.604072853334272075e-01,-2.189653617436426725e-02,2.565041423785695551e-01,2.557991122316923827e-01,8.650276398989563686e-01,-2.496520400863945222e-01,-7.053918143954976960e-01,-2.724143276745734088e-01,-2.112970567304670866e-01,-4.024785403489450908e-01
9.139974195530835566e-01,2.483114297071424836e-01,1.065380847454430624e+00,7.812906102645714723e-01,-6.710987158190000468e-01,-7.783845877956827586e-01,3.614145388782291635e-01,1.175059133933385569e+00,-2.740219915216907109e-01,5.436293810651582348e-01,-3.224892484302512297e-01,2.559392074618936919e-01,9.102789016237841091e-01,-3.875156813620402874e-01,7.880550162576166473e-01,5.857625424630796829e-01,-1.931233051311755933e-01,7.541287021951401659e-01,7.771433841971998879e-02,-1.267973583311856889e-01,-5.021298994075770183e-01,1.338250630898723870e+00,1.103071801342537350e+00,9.608624751519098117e-01,4.995390507567983723e-02,-6.071697139657223491e-02,-5.983069444086738242e-01,3.272458948465160056e-01,1.928574580335896460e+00,8.490132833466161877e-01,5.276913435377523359e-02,-1.267598016015651363e-01,4.232312520597251992e-02,6.893030887950084562e-01,1.140515342267298893e+00,1.187244135938125389e+00
-6.291527753633274767e-01,5.479274436207083321e-01,-1.428487076761512653e-01,-1.335266752514193897e-02,-8.149199697149156485e-02,-1.056852698032257676e+00,2.105367263613929785e-01,-8.043233736057975314e-01,4.150381494519166936e-01,-6.510489301613407997e-01,5.300868416553682350e-01,1.155390511420888444e-01,3.041946666326748594e-01,-3.585030716492076386e-01,-9.044897825739955932e-01,-4.904958558864174756e-01,1.604167902493029152e-01,2.283876977983731182e-01,5.697037242302871451e-01,6.626939700102274511e-01,-9.518998298050520765e-03,1.798134399644566450e-01,1.134633923046180604e+00,6.136228726242958231e-01,1.411077462923673087e+00,1.112476748634383839e+00,7.524494159334814414e-02,-1.444269551675348984e-01,1.561616442189233567e+00,-4.544548211612077782e-01,1.681429035273445949e-01,1.020974072352376361e+00,4.832811503164962108e-01,9.623325687557348074e-01,5.269004635764057420e-01,2.020215997270380370e+00
5.868721903472985391e-01,4.359072946367758550e-01,9.523617111683919667e-01,1.066745624633602008e+00,1.640921919523168349e+00,4.204066131212081947e-01,4.352509455000636573e-01,-1.048176716183511631e-01,-7.333565571077436951e-02,6.902956161603788221e-01,1.484319438346805242e+00,-8.406460616386211837e-02,1.276115081701439058e+00,6.294148493903101160e-01,-2.208846468736324342e-01,-1.211422114317294518e+00,1.138905969986575117e+00,-1.955275826230309932e-01,6.867306726782507198e-01,-2.478060794612458317e-01,7.656570019710987052e-02,6.574562565562493965e-01,-4.901591129340155950e-01,-3.519017355260577185e-02,8.991244407005921646e-01,5.881132241888631373e-01,1.406478925223401122e-01,8.860556696729285919e-01,3.080893059609313145e-01,3.555698616819531060e-02,-2.193910906462705201e-01,1.023393674757144378e+00,1.412285262720587298e-01,-3.008899644334726495e-02,-9.664988144834012196e-02,2.386764048346146638e-01
6.863034634979745530e-01,-3.908529506720975211e-01,6.924675810203027027e-01,9.384362846051413909e-01,3.898739755073076241e-01,1.221614295681424212e+00,-5.425360249845115335e-02,5.825571314512792975e-01,-3.200648369544257799e-01,4.194550561905709962e-01,1.452076642585788724e+00,1.194360639803042412e+00,1.283561421000939617e+00,-3.378025638214743331e-01,6.394271092891052888e-01,1.945761032732720164e-01,1.402818326561018125e+00,7.038732681201896879e-01,-4.371129654492473815e-01,5.048980081932281927e-02,-5.807962578146902421e-01,1.899373480855816865e-01,-5.066989463746475186e-01,7.276371790081678226e-01,-3.890078345579520147e-01,3.045668308212093334e-01,7.556455297420941464e-02,2.454230415500981144e-02,-9.021366525433281991e-01,-4.555145634645468844e-02,-4.897754392163147230e-01,-2.925000386506069194e-01,2.443604894719744458e-01,1.358714366434148779e+00,9.491029820901353276e-01,2.583180995371806010e-01
-2.222241084444158132e-01,8.781028993901718316e-01,1.073192275955544561e+00,2.070210388583103356e+00,6.822517177409774813e-01,7.463663093256582837e-01,-6.054594433817329646e-01,3.241990375940524416e-01,-4.274178329081776972e-01,-3.018866836016053101e-01,5.562151914713517886e-01,-2.784167197862247867e-01,8.268629460027638878e-01,-1.233333534052491798e+00,2.629464105782188255e-01,-4.031993230317154620e-01,2.172106361375387706e+00,4.139927634365908604e-01,4.906245014635585155e-01,-3.053746621182573118e-01,-2.849654356978915115e-01,5.753289977180783277e-01,8.472337012232689091e-01,7.680875493530779641e-02,9.283894622043313838e-01,1.521872505289669997e+00,1.368062962920438101e-02,2.339779582302917438e-01,1.106520233736534853e-01,-3.941294084055451119e-01,6.816315266826146191e-01,7.040702625462115227e-01,1.968899624342721477e+00,5.900919177788056524e-01,9.685042541327534837e-02,-6.218928397376378703e-01
4.399986423625892318e-01,1.818152219982061835e-01,8.115369219297724479e-01,1.159744376502004570e+00,1.228563387349431713e+00,1.682130543241169285e-01,-1.140397381687639072e-01,1.044824551557101522e+00,-6.261625346658739044e-01,-3.676737714444826000e-01,1.062317432804958939e+00,3.431213121944102773e-01,9.266480281229683147e-01,-3.493927772475297622e-01,4.979143807337657046e-01,-1.786356266184786212e-01,6.004885768310402883e-01,2.976578873819472060e-01,1.126499575924869490e+00,-3.251279391377101535e-01,1.140125430913972032e-01,2.165231753930122238e+00,1.376183391322906679e+00,1.127327149303067433e+00,1.358562973480575975e+00,1.632123846095099973e+00,-7.606753359885799481e-01,-2.130597395164474939e-01,6.914523468862113775e-01,-3.228417592636452782e-01,1.057139112599582820e+00,1.255141501680782312e+00,1.557899874053907840e+00,1.149466134317830512e+00,2.376432141287007749e+00,-5.019373757590317453e-03
8.256032262192166682e-01,4.572509200244077032e-01,1.045102213710879635e+00,1.325266878580565466e+00,1.521154017461391783e+00,1.112704011923121294e+00,3.642639650289707931e-01,7.798778602617923994e-01,-3.224389458320230384e-01,-4.431002540488948038e-01,1.042204016554904245e+00,-4.770705462809450292e-01,4.650246899197464368e-01,3.257043711700970401e-01,5.347938753863288319e-01,2.837143964350280489e-01,8.389220136063391120e-01,-2.893424335541381343e-01,4.543127860564626919e-01,4.961555463644790609e-01,1.070988972403261463e-01,7.050147960160483285e-01,-8.407768335463040588e-01,5.404188418330787558e-01,-4.019263394248582255e-01,-1.154301720095113615e-01,1.792755966753557806e-01,-3.468183083224619656e-01,-2.132102037781633333e-02,-2.133716848959216483e-01,-1.138445771033676085e-01,1.052249643807098733e+00,-9.283308419770300857e-01,-1.073565300619863244e-01,1.964138003037310398e-01,-5.658270956566205934e-01
1.548450303577269871e+00,-1.652848772289856327e-01,1.043783959451618726e+00,-7.096606946945860361e-01,-2.625211099873905191e-02,-7.255364140003474072e-01,5.436883152757586088e-03,1.411711248431853694e+00,2.066113221837370673e-01,4.560789262090692020e-02,4.035062918985670155e-01,5.355999360312222457e-01,5.856930579674588522e-01,5.930572355197785139e-01,6.217889292086327124e-01,-2.227628605594379751e-01,3.628752941837198320e-01,8.879722972911185952e-02,9.884222415164968245e-01,8.636543967998756843e-02,6.566716815580569966e-01,1.034008472686771984e+00,1.372736049028518757e+00,1.360035348022114787e+00,2.043849382228998479e+00,1.691657901549642018e+00,3.522425045670438681e-01,3.597704753591923765e-01,1.084467076951384001e+00,-8.112188109636066236e-02,-6.234571853341481194e-03,1.012200052870905420e+00,7.753880919483144840e-01,7.931833781838646402e-01,9.682521185834632726e-01,8.378699874941686332e-01
5.123191487054330473e-01,6.225324029756176270e-01,-3.602346230372635572e-01,1.443562708560608594e-02,1.506691484395470404e-01,2.211178399272794859e-01,2.563613523562544017e-01,7.101125700414256947e-01,-2.744655880459255237e-01,1.153912634158054118e-01,-6.084575498442272856e-01,2.085090704702717845e-01,-7.961880973077657409e-01,1.802489306595916052e-01,6.204194264851299323e-01,3.109330504602045298e-01,-5.318993446459830965e-01,-3.874267247247766832e-01,1.308513202029121025e+00,-5.618651872212283155e-02,-1.089155043851941285e+00,1.708473804352831804e+00,1.092809028792165904e+00,2.852272163037072872e-01,1.117202358832325215e+00,2.107248550646113383e+00,-7.327410456766936253e-02,-8.077935624900593747e-02,6.791517264049858893e-01,3.235091818424692955e-01,1.256786390817338783e-01,1.405921453945763844e+00,6.371240386796581667e-01,1.364453784909915646e+00,4.109972165824113954e-01,1.248234700359323046e+00
9.901113930231533189e-01,-7.642315768489724714e-01,1.865602851775503002e+00,3.111741666129457795e-01,-5.448335150344613131e-01,-5.037563436849449294e-01,-1.245007596206407774e-01,7.161996940579140603e-01,-4.645182266825322037e-02,-1.083903921599762343e+00,8.461751500972434226e-01,-3.587094813511875202e-01,1.606043501475525215e+00,-8.401146841050675940e-02,2.223906443570279112e+00,4.294728433007738433e-01,5.312039076609857968e-01,5.978732939492379383e-01,1.041748128078903601e+00,7.535705538781620194e-02,-6.272487738781752642e-02,1.807728190388704914e-01,3.788600316217871633e-02,1.810512325342562290e-01,6.031673570661775230e-01,7.917030675231531145e-01,2.771830503983113703e-01,1.049647514794342477e-02,2.423228133699194820e-01,3.354854692942215166e-01,4.439957010638829749e-01,1.246974505232826713e+00,8.838643986805466701e-01,-4.326136096040433809e-01,5.789286150985519797e-01,-3.463376091891103292e-01
1.059246556495874181e+00,-8.932544149349663787e-01,4.655121880632098197e-01,1.625682425263319075e+00,1.226048155510047977e+00,1.412761134429914023e+00,1.279041741593683335e-01,2.358060979576837024e-02,-5.092740414421691453e-01,-1.113098868844539568e+00,1.320860800351854492e+00,1.355129792436423619e+00,2.163126571440577850e-01,5.355693529746820003e-01,1.544737864557843787e+00,9.336482846285966419e-02,3.147441656518209507e-01,-4.333431804429860312e-01,-1.010008118745402861e+00,-6.278141564599176716e-02,1.087587830059100480e-01,4.110242686674393520e-01,-1.020914381883830102e-01,-4.238925172222339222e-01,-3.450581105662998693e-01,-6.581410828543485247e-02,1.506949857148865146e-01,6.954850826098372130e-01,1.023243643391211766e+00,-3.972745273782599638e-03,-5.389225776350621278e-01,6.142118130123114250e-01,1.278484851157141833e+00,-3.768749027834522036e-01,-2.487274370809513246e-01,-6.017040341255266989e-02
-6.758822241128580044e-02,5.645418593703779297e-01,2.721649084702245092e-01,1.510058342991747349e+00,1.031499873146356716e+00,1.350714382974093297e+00,-3.636770600220813332e-01,2.512751805134579297e-01,5.057049113754492620e-01,6.640093200415446706e-01,8.531946996523063209e-01,3.001773756558016593e-01,6.533662109447379018e-01,-7.778114581989010734e-01,-1.782117605692600248e-01,2.925461749500121167e-01,8.587598844819754884e-01,-3.268325218883371130e-01,1.221369853801105743e+00,-2.322134721879738628e-01,4.048303782189292821e-02,-7.705540064484466267e-01,-2.295221942748819910e-01,1.457442306945394561e-01,9.555413662957275012e-01,9.833009982231023516e-01,1.644646497628239890e-01,5.529112544933005857e-01,-1.162050002770217000e-01,-5.655329339773744468e-03,4.307585717375062018e-02,7.667213416862053155e-01,6.126843938766575182e-01,4.277961926164852713e-01,-5.755263856275494305e-01,3.027949185716655722e-01
-5.135910652162457568e-01,-1.248687823598473336e-02,-2.160519879098360685e-01,-3.655044260058549210e-01,-1.040584819820934870e+00,4.297237845674078960e-01,4.494370053190600012e-01,-5.783974021521460784e-01,-4.924164509513211108e-02,-6.081527767167645981e-01,-1.743085460361122330e-01,-3.156171528551691696e-01,6.784049973054404603e-01,-6.822396638477787878e-01,-8.909944137798434527e-01,-1.737285062319930129e-01,-1.434741930151116618e-01,9.839923194300080889e-01,6.214873508081352194e-01,7.389162610797914699e-01,2.536230469387654174e-01,1.827645248213022988e+00,1.140096610454143899e+00,1.949453402051726236e-01,5.378540695785500869e-01,1.274197642250083584e+00,-4.414737387527212786e-01,1.196785085444943553e+00,8.674191626404914590e-02,-3.134199296949491398e-01,2.363556899054204408e-01,1.011065650661886917e+00,7.650676723463497586e-01,1.725003204027223624e+00,1.038735343069198347e+00,1.539260356892047321e+00
7.909724405279119352e-01,5.215729651041484116e-01,1.117169405612770117e+00,1.903583653813464283e-01,3.944849220519814903e-01,1.564921033247501203e+00,1.435958636912277892e-03,1.572865858323517330e+00,3.642483971434258283e-01,-5.590418913981606286e-01,4.051528183739266931e-01,-5.091800046137578278e-02,1.084845722836125903e+00,-3.478177546100487683e-01,1.255521457298271804e+00,-1.071281783535306120e-01,6.216153392796905930e-01,1.275180335592529524e-01,-3.215219986871213353e-01,-7.253697271831145432e-01,7.861007154895376381e-01,-9.838541052685454424e-01,-8.287830469544361645e-01,4.146767469251067539e-01,1.317235712010805249e-01,-2.837168790580235078e-01,9.703915167727192870e-01,-1.971837615704502555e-01,-5.622117169795696340e-02,7.778590600164307298e-03,3.062090163500244544e-01,3.452605230140267656e-01,6.811789838247506168e-01,-2.337768526133690017e-01,-2.293395297236101166e-02,-1.497993793866786993e-01
1.714039081849392465e+00,9.934367913107856884e-02,5.046985300957512743e-01,7.422229206344870267e-01,5.917953360750640712e-01,6.996025256946318827e-01,-4.419023864954082365e-02,1.381178225293596018e+00,4.319709301603600893e-01,-4.565041758129209093e-01,1.210218163963835414e+00,-3.414160376960573284e-02,8.243879643878100349e-01,-3.339614110386666668e-01,6.321603550952697992e-01,-2.659147559731692700e-01,1.521755289236701447e+00,4.702290692819113826e-01,1.414900508472719309e+00,-1.137356046300537438e+00,6.218029263941914353e-01,1.518599776039127047e-01,4.329561106777715662e-01,-8.563182996836561645e-02,1.092376100055389099e+00,1.667265670486758999e+00,5.067355186476429907e-01,-4.635575664384780081e-01,-3.974196090018957683e-01,2.244396476230722803e-01,9.894961228533155628e-02,5.554185971141392120e-01,9.709567868019520764e-01,-3.407360090033780819e-01,2.919373523475289334e-01,1.137351689351695949e+00
1.210440742366496680e+00,-1.003287273846127925e-01,8.116299967120085279e-01,-1.725622121403469489e-01,-7.319215027943453133e-01,-9.876494513466240743e-01,-4.310633040905996194e-01,6.981821901929905483e-01,3.732440208154802486e-01,-5.505979207222678751e-01,-2.618018348970862497e-01,5.362554274034641022e-01,1.397883838558383163e+00,2.391014126912664461e-01,1.552189102598107384e+00,1.327473647523934375e+00,-5.011329131289797567e-02,3.051408432942513405e-01,9.354914863387844282e-01,-9.154328480204647345e-02,-4.491591891887312116e-01,8.458542377638346155e-01,9.652610295294787590e-02,7.669845553344957212e-01,1.191821594748513125e+00,5.671886641445561539e-01,8.933797717850711431e-03,3.239997495281266016e-01,1.090708425533107179e-01,-9.081435255011531815e-01,8.508204562660805215e-03,8.062224122013053051e-01,7.931734629550362126e-01,-6.845551995765360997e-01,9.444335605984435222e-01,4.917363016694469291e-01
7.882190280840749574e-01,1.815339834426427934e-01,2.375645373377140712e-01,-8.024236564307470065e-02,2.204273737311793491e-01,9.789836034590468916e-01,5.508909638549362026e-02,-3.433613705593935861e-01,-2.614470659164525035e-01,5.221574795930772339e-01,1.390871915471613429e-01,1.181420711289079134e-01,-2.744770122847497995e-01,7.065276166843820205e-01,6.528155056865922456e-02,-4.034319126477351469e-01,-8.749122496649247571e-01,-6.122610718314359657e-01,2.037967306448899563e-01,-4.403639492482127604e-01,-1.015479436083599030e+00,5.795718347284160021e-01,9.261319588373615463e-01,1.296091588615994716e+00,-1.266277262507597534e+00,-2.543370308109560093e-02,4.500179499156002905e-01,-4.338640872356914757e-01,7.115201612090776839e-01,1.004361122158805714e-01,-4.961571072291530160e-01,-4.573113555997688207e-01,-5.810014089958590727e-02,1.088486154674888295e+00,1.287430387419007394e+00,1.008104371351012052e+00
5.491335195146234138e-01,-2.433140134844990199e-01,5.907848727117301912e-01,4.309854561176530430e-01,1.531296169258833384e+00,5.844799329997996118e-01,-1.837094873147532281e-01,1.287636297409096020e+00,2.196754203001953787e-01,-3.640760905978069339e-01,5.557351871982496583e-01,-3.355285146684879732e-02,6.535797231440347854e-01,-6.545093270387210282e-02,5.691751874686163948e-01,2.079019866669303829e-01,2.934361254626068893e-01,-1.067594229380535581e-01,1.457153088132649987e-01,1.464100659024552276e-01,1.208916129082262758e+00,-1.146803595738576098e-01,7.207318963368161691e-02,-4.653348189620842845e-02,9.526007778478592369e-01,5.036769363866656635e-01,9.657331731263685271e-01,-2.877059951636613544e-01,8.269480248665886379e-02,2.562001074729841621e-02,-5.757819787019139435e-01,1.719564541431370108e-01,-4.942013265001832245e-01,5.269681970335727828e-01,-1.045470783915571772e-01,-7.603841074919367449e-01
1.046327210534594210e+00,4.380653942602139583e-01,1.085904299763982062e+00,-4.449260428037765114e-01,2.065166683153448202e-01,4.301561224735902522e-01,1.525377467361528572e+00,1.148275805910996539e+00,-2.409214034361629453e-01,4.653932582637049231e-01,3.449233313090324660e-01,7.906331336933989373e-01,1.375183564202647757e+00,-8.547338901024172930e-01,9.695875020077634465e-01,6.442872201643721208e-01,8.548958792315397570e-01,-4.156669568790353209e-01,8.919879155328387377e-01,3.275843335842451576e-01,-2.044551906183627032e-01,8.713652220643584023e-01,1.455084310552357874e+00,1.507065476713400631e+00,1.571059551410115329e+00,1.252389445760017095e+00,-5.046685366628191893e-01,-6.858528980627268123e-02,5.073576692362906648e-01,-2.540167643882095816e-01,2.876126601140961969e-01,1.082942543752488440e+00,2.105019101451105712e+00,1.131786847130007878e+00,1.204536115200216528e+00,9.862077014929916396e-01
9.508847361142402921e-01,5.383962828957333802e-01,9.606620001339427617e-01,9.484471266115638288e-01,-1.114478572317056937e-02,9.955564303302999463e-02,-6.057670320328738950e-02,1.376744735709100054e+00,-2.140296091227422356e-02,-4.218995071405896025e-01,5.201361608494120548e-01,3.764068884995607212e-01,4.889844420166499228e-01,4.177058173918091200e-01,1.348225820564675104e+00,7.488742932665203300e-01,2.230647392456700295e+00,-1.255662157967716852e-01,9.428524752537287279e-01,7.227484598457496467e-01,-2.287967421396308598e-02,2.190668440631546865e-01,6.160903322334024823e-01,1.193611618058948887e+00,3.935412275742369292e-01,2.009356979794079567e+00,6.504604726616185495e-01,-4.653260165161850481e-01,5.743433637804225000e-01,6.829211234009868736e-02,-2.121272117136953905e-01,9.486394795154571291e-01,1.340320756486228504e+00,9.022916009620028932e-01,1.713640818636368968e+00,1.433421819240326744e+00
-7.163005873166681248e-01,-9.272591105731406436e-03,8.954277906880366844e-01,1.607880444112164575e+00,1.372419095527446675e+00,1.623264933251374220e+00,-5.543210322820608660e-01,-7.202862807412142576e-01,6.501680896062052017e-01,-3.037113289433439611e-01,5.992244943483804320e-01,3.043975079097770986e-01,-1.238073117985217936e-01,-6.094890555541684907e-02,1.708579620286316270e-01,8.736590436391813985e-02,1.866591455922327336e-01,-2.344714589238322822e-01,1.362228706332541339e+00,-3.433033698916935217e-01,-1.609665650800621295e-01,8.548280199517193090e-01,-2.758868909653617862e-01,1.050799654796074734e+00,6.944873240686342264e-01,1.292876719483242898e+00,1.297927504885823535e-01,-3.973850136822343337e-01,1.233587599828154913e+00,-2.427401251202430665e-01,-3.437196935011849197e-01,2.693037811044991514e-01,1.219384359590877764e+00,9.242738982685628768e-01,7.422729822600763194e-01,2.171232411474994795e-01
-6.864523115902201322e-01,3.437307524987028295e-01,-1.274634057186112002e-01,8.987309025458989353e-01,2.963429340636158926e-02,1.613360936703945203e+00,5.145018992713992767e-02,-1.079157063036041281e-01,-3.473179035319882146e-01,-2.921316922570437943e-02,1.319178529377443176e+00,-4.102114493326780575e-02,2.357637607245824662e-01,-5.470078706236175536e-01,-9.161619472440980516e-01,-3.897596236487850807e-01,8.202637803242204262e-01,-5.193226839049608357e-01,9.637381980481135590e-01,-1.343771529456719294e-01,-9.427750315965188754e-01,1.369465101813051700e+00,8.866579651577917165e-01,4.229455308169220995e-01,2.402023857880832836e-01,2.139573760459365204e+00,-2.458355618405415333e-01,-1.065569858541122406e+00,2.713247293059544152e-01,3.993124919053320926e-02,-3.698896521008012694e-01,8.765402354083666747e-01,9.777617574270899281e-01,9.830556116637828579e-01,9.803881960366648274e-01,9.109576220700532634e-01
4.771696153884760760e-01,2.794462375863394632e-01,5.690048947648218558e-01,2.270257131046339527e+00,9.586467910365200629e-01,1.222310668987462101e+00,9.482019534201738820e-01,1.187902804543520818e-01,-1.321712481824707019e+00,-2.244954673381678589e-01,8.205464163239174491e-01,6.659700534410264994e-02,-3.221209231106496595e-01,1.158684882923838311e+00,1.091860220964177230e+00,-8.144857108006461344e-01,5.375844982573849684e-01,5.290440699249553402e-01,5.928323826784425155e-01,-2.057792809861357375e-01,-3.941064447795621373e-01,1.704273779842036873e+00,9.639785459179931459e-01,1.627625736462093631e+00,7.107518385771893765e-01,1.398745124615653257e+00,-1.318435383006043293e-01,9.624684274769372549e-02,7.855714794877577400e-01,-1.298295310834537974e-01,-4.564152526783405578e-02,1.125098979220179096e+00,1.391775713314723273e+00,5.238230634097176264e-01,3.391724571946221900e-01,1.630565461082227330e+00
1.307987706773485082e+00,2.169333057943646503e-01,1.087424417485891137e+00,5.752471980192086498e-01,1.902520318226563756e-01,1.621716546979135254e+00,3.906594141208908910e-01,6.706205692555448072e-01,1.765931476012608248e-01,-2.281520305554488592e-01,1.465205922780569825e+00,2.651302126861395658e-01,1.775104338564343909e+00,6.512835435103438153e-02,9.592831362547612484e-01,2.126643542582890706e-02,2.399761973374838764e+00,3.447524970061380256e-01,5.622992110426624363e-02,4.526712584543053919e-01,-1.166778366621145369e-01,1.179127525837210699e+00,1.508780489184457174e+00,-2.923722282515597293e-01,-6.604391013215090700e-01,-6.214774616421898656e-01,-1.686447007610526183e-01,-1.745106993780142779e-01,1.228257516529617455e+00,3.360498851548430754e-01,7.372085455547361388e-01,-1.586458591156161557e-01,-1.960328609679063694e-01,7.636649852588752729e-01,5.533390703590129744e-01,1.100351979768537491e+00
1.810517842953724088e+00,-1.133469572021209126e+00,9.334160538923319539e-01,-2.988418008279378202e-01,2.316385811968406094e-01,4.212697137460794661e-01,2.157889557403419034e-01,1.068353421530354508e+00,-8.390780484353588253e-02,4.641003463669063356e-01,1.462210882724948591e-02,8.489325143419775843e-01,7.460313371957271178e-01,9.141580829703517264e-01,4.093254989629836471e-01,1.370040633731524071e-01,4.021659242624880948e-02,-3.510762367083865021e-01,3.230901893940445468e-01,4.656657846798131772e-01,4.886946199339495733e-04,1.478024283241534009e+00,1.892509125185833252e+00,1.338578087814024986e+00,1.481702082531844322e+00,8.107381914094776709e-01,7.147793759586943407e-01,7.661365379602600445e-01,1.285961416079860031e+00,-1.086163090747895021e-01,2.715899211245959358e-02,1.077998793046446302e+00,1.233904772180709264e+00,9.971999303169192252e-01,8.568073097163937391e-01,9.167192275657466416e-01
2.421470699170534813e-01,1.139042781300525914e-01,1.140455250251391606e+00,1.587389271793318901e+00,2.243042510375361953e+00,9.198305930372909778e-01,5.313484864566511146e-01,7.113415982040061092e-01,5.529602582522590293e-01,1.438711976078617116e-01,4.041119340032159890e-01,1.649213134557424021e-01,1.263034853676857860e+00,1.952367043574137484e-01,8.641813795112592844e-01,7.393797494026603800e-01,1.572678653593555298e+00,3.470059813248491665e-01,-3.453917244674120646e-01,-1.936038683379202041e-01,4.137701353280414662e-01,8.558304516073302892e-01,5.190187580855276650e-01,-8.766209279280852418e-02,8.278120143346469340e-02,6.215264909608849697e-01,-6.453272974435873000e-01,-6.982033277719689179e-01,5.288852323633385089e-01,7.240269714177900717e-02,-4.663237400117837272e-01,-9.080921776367378850e-02,-1.712781044169134625e-01,2.559197018400065637e-01,-5.848563733622259841e-02,2.217576092136460120e-01
